Phone,Int'l Plan,Intl Mins,Intl Calls,Intl Charge
422-9964,no,11.8,3,3.19
422-8344,no,10.9,1,2.94
422-8333,no,10.8,4,2.92
422-8268,yes,11.2,7,3.02
422-7728,no,9.7,5,2.62
422-6690,no,10.2,5,2.75
422-6685,no,12.2,6,3.29
422-5874,no,8.4,5,2.27
422-5865,no,10.2,7,2.75
422-5350,no,10.1,6,2.73
422-5264,no,8.7,4,2.35
422-4956,no,7.2,7,1.94
422-4394,no,13.8,2,3.73
422-4241,no,9.2,6,2.48
422-3454,no,10.1,4,2.73
422-3052,no,7.9,4,2.13
422-2571,no,10.8,4,2.92
422-1799,no,3.4,4,0.92
422-1471,no,10.2,4,2.75
421-9846,no,13.3,4,3.59
421-9752,no,12,5,3.24
421-9401,yes,9.3,5,2.51
421-9144,no,12.8,3,3.46
421-9034,no,10,1,2.7
421-8537,yes,14.1,3,3.81
421-8535,no,5.7,4,1.54
421-8141,no,10,4,2.7
421-7270,no,6.9,6,1.86
421-7214,yes,10.7,5,2.89
421-7205,no,10.4,6,2.81
421-6694,no,10.2,6,2.75
421-6268,no,8.8,2,2.38
421-5994,no,4.6,4,1.24
421-3528,no,14.8,12,4
421-3226,no,10.7,3,2.89
421-2955,no,11.6,6,3.13
421-2723,no,4.8,4,1.3
421-2659,no,9.5,3,2.57
421-2245,no,4.8,12,1.3
421-1484,no,7.8,7,2.11
421-1469,no,17.5,5,4.73
421-1326,no,7.9,2,2.13
421-1189,no,11.5,2,3.11
420-9973,no,13,2,3.51
420-9971,yes,15.3,6,4.13
420-9838,no,9.8,6,2.65
420-9575,no,14.9,5,4.02
420-9009,no,7.3,14,1.97
420-8953,no,13.4,6,3.62
420-8897,no,17.3,4,4.67
420-8435,yes,13.9,3,3.75
420-8308,no,8.9,7,2.4
420-8242,no,8,4,2.16
420-7823,no,12.8,3,3.46
420-7692,no,5.9,4,1.59
420-7301,no,9.9,10,2.67
420-7066,no,10.6,3,2.86
420-6780,no,8.4,2,2.27
420-6465,yes,14.1,4,3.81
420-6414,no,7.5,5,2.03
420-6324,yes,12.1,2,3.27
420-6121,no,18.2,3,4.91
420-6052,no,10,4,2.7
420-5990,no,7.6,1,2.05
420-5652,no,12,7,3.24
420-5645,no,6.8,3,1.84
420-5179,no,7.5,5,2.03
420-4089,yes,11.5,5,3.11
420-3857,no,10.1,4,2.73
420-3346,no,11.7,2,3.16
420-3192,no,13.5,6,3.65
420-3042,no,11.3,5,3.05
420-3028,no,12.5,6,3.38
420-2796,no,13.3,4,3.59
420-2000,yes,9.6,8,2.59
420-1782,no,10.5,2,2.84
420-1383,no,12.8,2,3.46
420-1259,no,9.5,2,2.57
419-9713,no,12.8,5,3.46
419-9688,yes,10,3,2.7
419-9509,no,2.5,5,0.68
419-9104,no,12.1,4,3.27
419-9097,no,14.3,6,3.86
419-8987,no,10.2,4,2.75
419-7415,no,9.7,5,2.62
419-6564,no,7.6,3,2.05
419-6418,yes,12.2,3,3.29
419-6133,no,8.5,3,2.3
419-6033,no,12.3,6,3.32
419-5505,no,4.9,5,1.32
419-5501,no,10.9,2,2.94
419-5171,no,10.1,5,2.73
419-4894,no,10,8,2.7
419-4310,no,7,7,1.89
419-3937,no,13.2,2,3.56
419-3612,no,11.2,8,3.02
419-3427,no,12.5,8,3.38
419-3196,no,10.6,5,2.86
419-3167,no,11.4,2,3.08
419-2767,no,11.3,5,3.05
419-2637,no,11,2,2.97
419-2369,no,12,2,3.24
419-1863,no,9.6,5,2.59
419-1714,no,8.5,10,2.3
419-1674,no,9.9,5,2.67
418-9502,no,13.3,4,3.59
418-9385,no,11.7,5,3.16
418-9036,no,13.4,4,3.62
418-8969,no,7.1,3,1.92
418-8850,no,7.8,5,2.11
418-8770,no,13.1,4,3.54
418-8568,no,9.5,11,2.57
418-8450,no,7.6,4,2.05
418-8257,no,7.5,6,2.03
418-8170,no,11.3,4,3.05
418-7846,no,7.4,4,2
418-7478,no,11.6,5,3.13
418-7055,no,7.5,3,2.03
418-6752,no,5.9,4,1.59
418-6737,no,14.8,2,4
418-6651,no,6.2,4,1.67
418-6512,no,7.5,3,2.03
418-6455,yes,8.4,10,2.27
418-6412,no,14.7,4,3.97
418-5708,no,11.1,3,3
418-5300,yes,13.3,7,3.59
418-5141,no,5.1,6,1.38
418-4658,no,11,9,2.97
418-4637,no,13,4,3.51
418-4365,no,8.9,4,2.4
418-3426,no,9.1,4,2.46
418-3181,no,11.8,6,3.19
418-3135,no,13.1,6,3.54
418-3096,no,11.6,3,3.13
418-3017,no,8.2,2,2.21
418-2402,no,7.2,6,1.94
418-1775,no,8.5,4,2.3
417-9844,no,12.8,5,3.46
417-9814,no,8.4,5,2.27
417-9455,no,6.5,4,1.76
417-9278,no,8.4,4,2.27
417-9128,no,11.3,3,3.05
417-8617,no,13.9,4,3.75
417-7973,no,8,1,2.16
417-7913,yes,11.7,4,3.16
417-7888,no,11.4,3,3.08
417-7736,no,8.9,4,2.4
417-7722,no,8.8,3,2.38
417-6906,no,10.2,6,2.75
417-6774,no,11.4,6,3.08
417-6683,no,12.7,2,3.43
417-6330,no,9.7,2,2.62
417-6252,no,10.2,6,2.75
417-6044,no,14.3,9,3.86
417-5813,no,11.9,4,3.21
417-5320,no,9.2,3,2.48
417-5146,no,6.5,4,1.76
417-5067,no,10.1,5,2.73
417-5034,no,12.1,3,3.27
417-4885,no,12,6,3.24
417-4826,yes,13.3,3,3.59
417-4810,no,13.8,4,3.73
417-4456,no,8.5,5,2.3
417-4404,no,9.8,2,2.65
417-4309,no,11.8,4,3.19
417-4266,no,12.6,5,3.4
417-4063,no,11.2,3,3.02
417-3999,yes,7.7,2,2.08
417-3702,no,12,9,3.24
417-3676,no,8.3,6,2.24
417-3257,no,10.2,6,2.75
417-3046,yes,7.2,4,1.94
417-2774,no,13.3,2,3.59
417-2716,no,15.5,4,4.19
417-2608,no,15.6,3,4.21
417-2265,no,10.9,5,2.94
417-2221,no,10.9,7,2.94
417-2054,no,10.8,5,2.92
417-2035,no,13.5,3,3.65
417-1488,no,10.4,4,2.81
417-1477,no,12.1,3,3.27
417-1360,yes,10.8,3,2.92
417-1272,yes,11,6,2.97
416-9723,no,12.8,2,3.46
416-9615,no,15,4,4.05
416-9522,yes,7.5,3,2.03
416-9162,no,11.6,3,3.13
416-9021,yes,12.8,3,3.46
416-8827,no,15.7,10,4.24
416-8701,no,9.4,10,2.54
416-8697,no,10.6,2,2.86
416-8543,yes,9.2,3,2.48
416-8428,no,14.2,6,3.83
416-8394,no,7.3,6,1.97
416-7866,yes,10,10,2.7
416-7679,no,10.4,2,2.81
416-7591,no,9.6,7,2.59
416-7452,no,0,0,0
416-7393,no,10.5,3,2.84
416-7307,no,14.1,3,3.81
416-7013,no,6.4,3,1.73
416-6886,no,10.1,2,2.73
416-6628,no,6,5,1.62
416-6594,no,13.3,5,3.59
416-5849,yes,8.8,7,2.38
416-5662,no,5.4,1,1.46
416-5660,no,12.4,4,3.35
416-5623,no,12,2,3.24
416-5341,no,9.8,3,2.65
416-5261,no,9.5,4,2.57
416-4464,no,12.9,3,3.48
416-4351,no,11.1,7,3
416-3915,yes,11.1,4,3
416-3649,yes,6.2,4,1.67
416-2825,no,8,1,2.16
416-2778,yes,14.2,3,3.83
416-1845,no,10.2,4,2.75
416-1676,no,5.9,2,1.59
416-1557,no,10.2,3,2.75
416-1536,yes,9.7,4,2.62
415-9649,no,5.9,9,1.59
415-9553,no,9.1,3,2.46
415-8780,no,7.4,9,2
415-8448,yes,9.1,1,2.46
415-8200,no,17.5,4,4.73
415-8164,no,13.2,1,3.56
415-8151,no,6.6,1,1.78
415-6601,no,13.5,3,3.65
415-6578,no,8.8,3,2.38
415-6347,no,13.3,9,3.59
415-6333,no,9.4,6,2.54
415-6145,no,12.4,2,3.35
415-6127,no,8.7,10,2.35
415-6110,no,5.9,3,1.59
415-5476,no,11.2,4,3.02
415-5132,no,6.1,4,1.65
415-5008,no,11.5,2,3.11
415-4875,no,6.6,2,1.78
415-4857,no,12.3,3,3.32
415-4609,no,9.9,3,2.67
415-4564,no,10.2,6,2.75
415-4051,no,10.9,3,2.94
415-3689,no,11.4,5,3.08
415-3537,no,5.9,2,1.59
415-3158,no,11.5,3,3.11
415-3120,no,12,3,3.24
415-3016,no,13.2,7,3.56
415-2949,no,10,5,2.7
415-2935,no,8,4,2.16
415-2865,no,5.4,9,1.46
415-2641,no,13.1,4,3.54
415-2393,no,6.1,5,1.65
415-2285,no,6.7,3,1.81
415-2176,no,16.9,3,4.56
415-1203,no,16.2,3,4.37
415-1141,no,12.4,4,3.35
414-9717,no,10.9,4,2.94
414-9119,no,7.2,4,1.94
414-9054,no,11.4,3,3.08
414-9027,no,9.4,2,2.54
414-8718,no,6.4,6,1.73
414-7942,no,8.3,6,2.24
414-7446,no,7.2,2,1.94
414-7410,no,11.5,4,3.11
414-7090,yes,11.7,2,3.16
414-6739,no,8.2,5,2.21
414-6638,no,5.5,2,1.49
414-6541,no,2.9,7,0.78
414-6426,no,11.8,2,3.19
414-6219,no,8.7,7,2.35
414-5786,no,11.5,3,3.11
414-5422,no,14.6,8,3.94
414-5177,no,9.7,6,2.62
414-4803,no,9.6,4,2.59
414-4741,no,6.8,6,1.84
414-4276,no,9.9,6,2.67
414-4162,no,7.9,4,2.13
414-4037,no,10.9,1,2.94
414-2905,no,10.6,6,2.86
414-2695,no,14,11,3.78
414-2663,no,13.6,3,3.67
414-2606,no,13.4,3,3.62
414-1537,no,5.9,2,1.59
414-1496,no,10.3,6,2.78
414-1246,no,4.8,3,1.3
413-9328,no,8.8,3,2.38
413-9269,yes,9.4,2,2.54
413-9055,no,13.9,11,3.75
413-7743,yes,16.9,4,4.56
413-7655,no,7.2,4,1.94
413-7468,no,11.5,3,3.11
413-7170,no,12.1,2,3.27
413-6769,no,10,1,2.7
413-6380,no,11,6,2.97
413-6346,yes,8.9,4,2.4
413-5310,no,8.9,4,2.4
413-5306,no,10.5,2,2.84
413-5190,no,11.8,2,3.19
413-4957,no,7.8,5,2.11
413-4831,no,12.2,6,3.29
413-4811,no,13.3,3,3.59
413-4040,no,4.5,15,1.22
413-4039,no,7.8,5,2.11
413-3990,no,11.3,4,3.05
413-3412,yes,10.1,4,2.73
413-3177,no,5.5,3,1.49
413-2241,no,9.6,7,2.59
413-2238,no,6.8,3,1.84
413-2201,no,7.8,1,2.11
413-2194,no,9.7,4,2.62
413-1789,no,8.8,6,2.38
413-1269,no,8.7,4,2.35
413-1061,no,14.5,3,3.92
412-9997,no,12,2,3.24
412-9357,no,8.2,3,2.21
412-9190,no,10.2,6,2.75
412-8811,no,6.5,6,1.76
412-8769,no,13.1,3,3.54
412-7791,no,11.4,5,3.08
412-7606,no,11,1,2.97
412-7278,no,12.2,4,3.29
412-7020,no,11.3,2,3.05
412-6245,no,13.3,5,3.59
412-6019,yes,8.4,4,2.27
412-4399,no,6.6,5,1.78
412-4185,no,8.1,2,2.19
412-3898,no,9.8,6,2.65
412-3726,yes,10.4,3,2.81
412-3527,no,12.4,2,3.35
412-3404,no,16.9,6,4.56
412-2947,no,10.3,3,2.78
412-2520,no,11.8,2,3.19
412-1991,no,11.3,3,3.05
412-1470,no,12.9,2,3.48
412-1194,no,15.6,3,4.21
412-1076,yes,11.5,5,3.11
411-9554,no,8.4,9,2.27
411-8956,yes,6.4,4,1.73
411-8549,no,9.2,5,2.48
411-8140,no,9.6,1,2.59
411-8043,no,9.1,4,2.46
411-7778,yes,14,12,3.78
411-7649,no,11.2,6,3.02
411-7390,no,11.8,5,3.19
411-7353,no,12.3,4,3.32
411-7110,no,8.5,3,2.3
411-6823,yes,11,4,2.97
411-6663,no,5.3,9,1.43
411-6598,no,0,0,0
411-6501,no,5.6,4,1.51
411-6294,no,5.9,6,1.59
411-6211,no,7.5,2,2.03
411-5958,no,6,3,1.62
411-5859,no,9.1,10,2.46
411-5748,no,8.1,3,2.19
411-5740,no,5.6,1,1.51
411-5677,yes,9.7,4,2.62
411-5334,no,13.3,7,3.59
411-5078,no,6,11,1.62
411-4940,no,8.5,5,2.3
411-4781,no,10.8,3,2.92
411-4714,no,10.9,5,2.94
411-4674,no,11.2,5,3.02
411-4582,no,0,0,0
411-4293,no,13.6,8,3.67
411-4232,no,12.5,5,3.38
411-3578,no,11,6,2.97
411-3095,no,11,1,2.97
411-2977,no,12,2,3.24
411-2958,yes,12,5,3.24
411-2284,no,11.6,10,3.13
411-1810,no,10.8,7,2.92
411-1715,yes,10.9,3,2.94
411-1530,no,9.8,4,2.65
411-1325,no,15.4,6,4.16
411-1261,no,9.3,2,2.51
411-1045,no,12.1,5,3.27
410-9961,no,6.7,8,1.81
410-9633,no,11,3,2.97
410-9477,no,10,3,2.7
410-7789,no,11.1,1,3
410-7611,yes,13.8,2,3.73
410-7553,no,6.1,8,1.65
410-7383,no,9.6,4,2.59
410-7108,no,9,1,2.43
410-6791,no,10.3,4,2.78
410-5963,no,7.5,11,2.03
410-5713,no,8.9,2,2.4
410-5455,yes,11.2,5,3.02
410-5370,no,10,2,2.7
410-5250,no,8.8,3,2.38
410-5236,no,6.4,5,1.73
410-5199,no,9.8,11,2.65
410-5192,no,5.8,10,1.57
410-4882,no,9.1,4,2.46
410-4739,no,5.2,2,1.4
410-4613,no,14.3,2,3.86
410-4023,no,9.9,2,2.67
410-3782,yes,11.4,4,3.08
410-3725,yes,10.9,4,2.94
410-3719,yes,11,6,2.97
410-3503,no,8.3,6,2.24
410-3390,no,14.6,3,3.94
410-3159,no,9.2,5,2.48
410-2518,no,11.3,7,3.05
410-2015,no,10.8,3,2.92
410-1190,no,7.8,2,2.11
409-9911,no,8.3,4,2.24
409-9885,no,10.1,3,2.73
409-9494,no,9.3,7,2.51
409-8814,no,7.6,3,2.05
409-8802,no,9,6,2.43
409-8796,no,12.7,4,3.43
409-8743,no,12.2,1,3.29
409-8453,no,16,3,4.32
409-7523,yes,9.6,2,2.59
409-7494,no,9.9,5,2.67
409-7034,no,11.3,2,3.05
409-6753,no,9.3,4,2.51
409-6588,no,9,6,2.43
409-5939,no,9.2,4,2.48
409-5749,no,5.7,3,1.54
409-5519,no,8.2,5,2.21
409-4791,no,9,3,2.43
409-4734,no,11.1,4,3
409-4671,yes,11.1,2,3
409-4462,no,11.1,4,3
409-4447,yes,13.4,1,3.62
409-3786,no,8.3,8,2.24
409-3520,no,11.3,1,3.05
409-3428,no,13.2,2,3.56
409-3353,no,9.3,4,2.51
409-3018,no,8.2,3,2.21
409-2983,no,9.3,2,2.51
409-2917,yes,11.7,3,3.16
409-2412,no,15.9,4,4.29
409-2111,no,12.2,3,3.29
409-1856,no,11.5,2,3.11
409-1244,no,10,3,2.7
408-9779,no,15.8,9,4.27
408-9572,no,9.7,4,2.62
408-9463,no,7.9,1,2.13
408-8910,no,11.4,9,3.08
408-8650,no,5,9,1.35
408-8269,no,10.1,4,2.73
408-7015,no,12.3,1,3.32
408-6725,no,10.7,9,2.89
408-6676,no,7.4,3,2
408-6621,no,10.1,2,2.73
408-6496,no,9.5,4,2.57
408-6326,no,11.4,5,3.08
408-6305,no,10.5,2,2.84
408-6302,no,11.7,3,3.16
408-6266,no,12,6,3.24
408-6089,no,12.2,5,3.29
408-5916,no,11,5,2.97
408-5601,no,11.5,1,3.11
408-5322,no,9.5,3,2.57
408-5183,no,6.8,3,1.84
408-4911,no,13.3,3,3.59
408-4870,yes,13,5,3.51
408-4865,no,8.9,2,2.4
408-4836,no,8.7,3,2.35
408-4530,no,8.6,7,2.32
408-4529,no,15.7,5,4.24
408-4323,no,9.1,9,2.46
408-4195,no,9.2,5,2.48
408-4174,no,6.7,3,1.81
408-4142,no,12.2,5,3.29
408-3977,no,13.8,3,3.73
408-3610,no,7.1,3,1.92
408-3606,no,10.7,4,2.89
408-3532,no,18.2,1,4.91
408-3384,no,6.3,2,1.7
408-3269,no,7.9,2,2.13
408-3262,no,12.3,6,3.32
408-2712,yes,10.9,4,2.94
408-2621,no,13.2,2,3.56
408-2119,no,11.2,2,3.02
408-2089,no,12.7,7,3.43
408-2002,no,16.1,5,4.35
408-1913,no,11,6,2.97
408-1513,no,8.1,4,2.19
408-1486,no,15.1,3,4.08
408-1340,no,14.2,6,3.83
408-1331,no,9.4,4,2.54
408-1242,no,8.3,5,2.24
407-9841,no,9.8,3,2.65
407-9830,no,12.7,2,3.43
407-9290,no,8,6,2.16
407-9244,no,7.6,4,2.05
407-8575,no,9.6,5,2.59
407-8376,no,13.4,2,3.62
407-8012,yes,7.7,6,2.08
407-7507,no,12.3,4,3.32
407-7464,no,11.2,4,3.02
407-7258,yes,9.7,2,2.62
407-7035,no,9.4,3,2.54
407-6748,no,5.8,4,1.57
407-6391,no,14.1,3,3.81
407-5774,no,11.4,5,3.08
407-5056,no,9.8,4,2.65
407-3949,no,12.1,4,3.27
407-3121,no,9.7,6,2.62
407-2750,no,7.5,4,2.03
407-2718,no,7.1,9,1.92
407-2441,no,8,3,2.16
407-2292,no,11.6,2,3.13
407-2259,no,12.1,4,3.27
407-2248,no,11.4,5,3.08
407-2081,no,11.6,5,3.13
407-1896,no,14.1,3,3.81
406-9926,yes,17.3,9,4.67
406-8995,yes,13.7,3,3.7
406-8809,no,12.5,7,3.38
406-8665,no,7.5,16,2.03
406-8599,no,9.8,7,2.65
406-8465,no,6.7,2,1.81
406-8445,no,11.5,7,3.11
406-8324,no,6.7,3,1.81
406-8037,no,10.1,7,2.73
406-7844,no,7.9,2,2.13
406-7737,yes,12.7,4,3.43
406-7726,no,3.5,6,0.95
406-7670,no,13.9,5,3.75
406-7643,no,12.6,9,3.4
406-7261,no,10.9,5,2.94
406-6708,no,8.4,12,2.27
406-6669,no,11.5,2,3.11
406-6400,no,11.6,7,3.13
406-6304,no,14.2,4,3.83
406-5870,yes,6.5,6,1.76
406-5710,no,12.8,3,3.46
406-5584,no,14.2,4,3.83
406-5532,no,9.7,4,2.62
406-5059,no,5.4,3,1.46
406-5023,no,9.9,3,2.67
406-5003,no,14.3,3,3.86
406-4840,no,9.8,6,2.65
406-4768,no,12.6,7,3.4
406-4720,no,10.7,4,2.89
406-4710,no,10.5,5,2.84
406-4604,yes,12.4,6,3.35
406-4588,no,7.4,8,2
406-4560,yes,9.2,7,2.48
406-4158,no,12.9,2,3.48
406-4100,no,13.1,5,3.54
406-3890,no,11.7,5,3.16
406-3069,no,14.8,1,4
406-2866,no,10.3,3,2.78
406-2752,no,5.3,3,1.43
406-2678,no,6,6,1.62
406-2454,no,10.3,2,2.78
406-2242,no,12.4,2,3.35
406-2213,no,12.8,3,3.46
406-2032,no,13.3,5,3.59
406-1730,no,12.2,5,3.29
406-1349,yes,1.3,6,0.35
406-1247,no,8.1,5,2.19
405-9864,no,13.1,6,3.54
405-9573,no,9.9,3,2.67
405-9496,no,12.2,6,3.29
405-9384,no,15.4,9,4.16
405-9233,no,12.1,1,3.27
405-9217,no,8.3,4,2.24
405-8867,no,8.4,2,2.27
405-8753,no,13.3,2,3.59
405-8370,no,11.4,7,3.08
405-8075,no,6.4,4,1.73
405-7904,yes,12.9,3,3.48
405-7850,no,12.5,8,3.38
405-7676,no,7.9,4,2.13
405-7542,no,9.6,2,2.59
405-7467,no,9.8,5,2.65
405-7204,no,4.7,3,1.27
405-7146,no,11,3,2.97
405-7119,no,14.8,8,4
405-6943,no,9.2,2,2.48
405-6641,no,10.3,10,2.78
405-6559,no,3.3,3,0.89
405-6398,yes,11.1,3,3
405-6298,no,8.8,5,2.38
405-6189,no,11.1,1,3
405-5681,no,16.2,10,4.37
405-5513,no,11.6,3,3.13
405-5403,yes,9.9,1,2.67
405-5305,no,10.8,2,2.92
405-5083,no,0,0,0
405-4920,no,9.5,9,2.57
405-4606,no,11.8,5,3.19
405-4420,yes,11.9,5,3.21
405-4303,no,16.6,4,4.48
405-4109,yes,14.7,3,3.97
405-3916,no,5.6,2,1.51
405-3848,no,13.9,2,3.75
405-3533,no,11.5,3,3.11
405-3371,no,11.6,3,3.13
405-3335,no,9.1,4,2.46
405-3309,no,13.9,6,3.75
405-3097,no,4.2,5,1.13
405-2888,no,9.9,12,2.67
405-2831,no,16.4,3,4.43
405-2653,no,7.8,8,2.11
405-2276,no,9.7,2,2.62
405-2209,yes,11.6,4,3.13
405-1842,no,12.2,6,3.29
405-1821,no,8,2,2.16
405-1780,no,7.6,2,2.05
405-1589,no,7.8,6,2.11
405-1370,no,12.8,6,3.46
405-1132,no,11.3,7,3.05
405-1108,yes,10.9,7,2.94
404-9978,no,13.4,4,3.62
404-9775,no,9,2,2.43
404-9754,no,15.7,4,4.24
404-9680,no,6.3,2,1.7
404-9539,no,9.1,4,2.46
404-9504,no,10.3,6,2.78
404-9348,yes,8.9,4,2.4
404-8765,no,10,4,2.7
404-7518,no,8.6,6,2.32
404-6357,no,10.8,3,2.92
404-6337,no,15.6,2,4.21
404-5840,no,10.9,3,2.94
404-5597,no,12.9,4,3.48
404-5427,no,7.1,4,1.92
404-5387,no,7.8,2,2.11
404-5283,no,8.1,3,2.19
404-5057,no,10.5,2,2.84
404-4809,no,8.4,6,2.27
404-4611,no,7.5,3,2.03
404-4486,no,12.5,7,3.38
404-4481,no,7.2,6,1.94
404-4421,no,6.7,5,1.81
404-3592,no,6.8,3,1.84
404-3238,no,6.6,5,1.78
404-3211,no,9.3,5,2.51
404-3106,yes,9.7,8,2.62
404-3105,no,10,1,2.7
404-2942,no,11.1,7,3
404-2877,no,12.8,4,3.46
404-2871,no,9.9,4,2.67
404-1931,no,5.8,6,1.57
404-1002,no,16.5,4,4.46
403-9766,no,11.6,9,3.13
403-9733,no,12.1,3,3.27
403-9719,no,9.2,4,2.48
403-9468,no,11.6,5,3.13
403-9417,no,8.8,4,2.38
403-9199,no,9.6,2,2.59
403-9167,yes,10.7,2,2.89
403-8916,no,8.4,3,2.27
403-8915,no,9.5,1,2.57
403-8904,no,7.6,2,2.05
403-7775,no,12.9,3,3.48
403-7627,no,9.4,4,2.54
403-6850,no,9.9,3,2.67
403-6565,no,12.4,5,3.35
403-6419,no,9.6,3,2.59
403-6237,no,14.7,5,3.97
403-6225,no,8.4,4,2.27
403-6187,yes,,,2.97
403-5575,no,5,10,1.35
403-5552,no,11.3,10,3.05
403-5279,no,11.7,3,3.16
403-4917,no,7.8,6,2.11
403-4816,no,10,11,2.7
403-4442,no,12.2,2,3.29
403-4298,no,9.6,7,2.59
403-4200,no,7.6,3,2.05
403-3229,no,6.4,2,1.73
403-2673,no,8.7,2,2.35
403-2455,yes,12.1,9,3.27
403-1953,no,5.6,3,1.51
403-1769,no,10,1,2.7
403-1742,no,11.7,3,3.16
403-1128,no,9.2,5,2.48
402-9982,no,10.6,3,2.86
402-9980,yes,10.1,6,2.73
402-9704,no,9.7,4,2.62
402-9691,yes,9.3,3,2.51
402-9558,no,9.4,5,2.54
402-9304,no,11.8,6,3.19
402-9173,no,7.7,2,2.08
402-8930,no,14,5,3.78
402-7746,no,10.9,4,2.94
402-7650,no,10,4,2.7
402-7626,no,5.9,8,1.59
402-7372,no,8.8,5,2.38
402-6744,no,11.5,7,3.11
402-6666,no,12.7,7,3.43
402-6591,no,7.7,2,2.08
402-5509,no,12.6,4,3.4
402-5155,no,10.6,5,2.86
402-5076,no,7.7,4,2.08
402-5014,no,9.7,3,2.62
402-4501,no,4.5,4,1.22
402-3908,no,9.3,2,2.51
402-3892,no,14.4,11,3.89
402-3886,no,8.9,6,2.4
402-3634,no,8.2,1,2.21
402-3599,no,12.3,3,3.32
402-3476,no,12.2,3,3.29
402-3370,no,6.7,3,1.81
402-2728,no,4.2,3,1.13
402-2482,no,4.4,4,1.19
402-2377,no,6.2,7,1.67
402-2072,no,,,2.54
402-1942,yes,13.2,2,3.56
402-1725,no,6.5,5,1.76
402-1668,no,7.3,3,1.97
402-1607,no,5.6,4,1.51
402-1556,no,10.5,10,2.84
402-1381,yes,10.5,6,2.84
402-1251,no,8,5,2.16
401-9909,no,9.5,5,2.57
401-9665,no,10.9,3,2.94
401-9420,no,11.4,2,3.08
401-8735,no,12.9,4,3.48
401-8377,no,11.4,4,3.08
401-7803,no,8.1,2,2.19
401-7654,no,9.6,6,2.59
401-7594,no,12.5,9,3.38
401-7575,no,10.8,2,2.92
401-7359,no,8.7,3,2.35
401-7335,no,10.6,7,2.86
401-7334,no,12.4,4,3.35
401-6982,no,12.8,4,3.46
401-6977,no,13,2,3.51
401-6671,no,12.1,4,3.27
401-6392,no,11.4,3,3.08
401-6162,no,11.9,6,3.21
401-5915,no,10.2,5,2.75
401-5586,no,15.4,3,4.16
401-5485,no,6.7,2,1.81
401-5169,no,7.2,6,1.94
401-5012,no,7.6,3,2.05
401-4844,no,12,3,3.24
401-4778,no,14.6,1,3.94
401-4650,no,9.7,6,2.62
401-4052,no,9.3,7,2.51
401-4007,no,8.4,3,2.27
401-3926,no,9.8,4,2.65
401-3685,yes,8.4,4,2.27
401-3622,no,4.4,4,1.19
401-3170,no,11.5,3,3.11
401-3156,no,8.7,3,2.35
401-3077,no,14.1,5,3.81
401-2581,no,6.1,6,1.65
401-2468,no,8.4,6,2.27
401-1454,no,12.2,5,3.29
401-1252,no,10.3,2,2.78
400-9770,no,11.1,2,3
400-9510,no,9.5,7,2.57
400-8952,no,8,4,2.16
400-8538,yes,10.1,2,2.73
400-8375,no,9.8,2,2.65
400-8069,no,11,7,2.97
400-7987,no,8.8,5,2.38
400-7809,no,14.3,3,3.86
400-7509,no,9.8,4,2.65
400-7280,no,14.1,8,3.81
400-7253,no,13,18,3.51
400-7002,yes,12,7,3.24
400-6999,no,13.1,5,3.54
400-6454,no,8.7,6,2.35
400-6257,no,9.3,4,2.51
400-5984,no,3.6,5,0.97
400-5831,no,11.4,9,3.08
400-5751,no,12.9,5,3.48
400-5511,no,9.7,7,2.62
400-5389,no,7.3,5,1.97
400-4713,no,14.1,3,3.81
400-4344,no,13.7,4,3.7
400-4244,no,10,5,2.7
400-4020,no,9.9,5,2.67
400-3945,no,8,5,2.16
400-3637,no,9,6,2.43
400-3497,no,14.3,6,3.86
400-3446,no,7.1,1,1.92
400-3343,yes,8.7,4,2.35
400-3197,no,10.5,8,2.84
400-3150,no,13.1,2,3.54
400-3147,no,4.1,4,1.11
400-2738,no,13.2,8,3.56
400-2203,no,11.3,3,3.05
400-2181,yes,13.9,5,3.75
400-1899,no,12.2,5,3.29
400-1636,no,12.8,9,3.46
400-1367,no,11.2,4,3.02
400-1280,no,3.8,10,1.03
399-9802,no,9.2,6,2.48
399-9239,no,13.3,10,3.59
399-8859,no,15.4,8,4.16
399-8846,no,12.5,2,3.38
399-8845,no,9.7,6,2.62
399-8615,no,15.5,7,4.19
399-7865,no,10.9,3,2.94
399-7268,no,11.1,2,3
399-7029,no,9.7,9,2.62
399-6852,no,6.7,8,1.81
399-6786,no,13,3,3.51
399-6642,no,11.1,4,3
399-6259,no,13.7,7,3.7
399-6233,no,4.1,4,1.11
399-5763,no,13.3,6,3.59
399-5564,no,5,5,1.35
399-5426,no,9.5,3,2.57
399-5424,yes,6.9,5,1.86
399-5291,no,9.2,3,2.48
399-4800,no,,,2.75
399-4413,no,11,5,2.97
399-4246,no,7.3,4,1.97
399-4094,no,10.5,4,2.84
399-3840,no,13.2,10,3.56
399-3164,no,8,3,2.16
399-3089,no,9.4,6,2.54
399-3083,no,7.4,5,2
399-2457,no,13.1,7,3.54
399-2151,yes,11.6,2,3.13
399-1750,no,13.5,2,3.65
399-1021,no,9.8,4,2.65
398-9870,no,8.5,3,2.3
398-9408,no,10.4,7,2.81
398-8801,no,14.9,3,4.02
398-8745,no,14.1,7,3.81
398-8588,no,11.5,3,3.11
398-8578,no,8.9,3,2.4
398-8385,no,9.8,4,2.65
398-8122,no,12.3,3,3.32
398-7978,no,4.9,10,1.32
398-7414,no,7.6,3,2.05
398-6703,no,7.8,3,2.11
398-5970,yes,8.2,6,2.21
398-5954,no,13.2,2,3.56
398-5851,no,11.5,5,3.11
398-5788,no,8.5,5,2.3
398-5006,no,9.3,5,2.51
398-4814,no,9.5,4,2.57
398-4567,no,10,3,2.7
398-4538,no,15.1,11,4.08
398-4431,no,7.3,5,1.97
398-4313,no,6.6,9,1.78
398-3834,no,11,9,2.97
398-3632,no,17.8,4,4.81
398-3176,no,10.6,2,2.86
398-3004,no,10.1,9,2.73
398-2628,no,7.9,6,2.13
398-2148,no,7.2,6,1.94
398-2138,yes,11.3,5,3.05
398-1959,no,11.6,3,3.13
398-1759,no,13.6,4,3.67
398-1332,no,10.5,3,2.84
398-1294,no,8.8,3,2.38
397-9933,no,9.5,5,2.57
397-9928,no,11.6,4,3.13
397-9486,no,14.4,6,3.89
397-9333,yes,11.8,7,3.19
397-9251,no,10,3,2.7
397-9184,no,11.3,5,3.05
397-9148,no,9.6,5,2.59
397-8772,yes,10.7,3,2.89
397-8512,yes,9.9,6,2.67
397-8162,no,8.2,3,2.21
397-8051,no,12.1,3,3.27
397-8011,no,12.6,3,3.4
397-7500,no,11.4,2,3.08
397-7453,no,9.5,4,2.57
397-7411,no,9.3,2,2.51
397-7125,no,12.7,1,3.43
397-6789,yes,8.2,2,2.21
397-6542,no,8.7,4,2.35
397-6425,no,12.2,6,3.29
397-6255,no,10.2,3,2.75
397-6109,no,9.3,4,2.51
397-6064,no,11.3,5,3.05
397-5911,no,12.2,4,3.29
397-5381,no,11.8,1,3.19
397-5060,no,14.1,2,3.81
397-4976,no,11.3,2,3.05
397-4968,no,9.9,3,2.67
397-4304,no,10.6,2,2.86
397-4030,no,6.4,8,1.73
397-3943,no,12.2,5,3.29
397-3939,no,7.3,3,1.97
397-3746,yes,11.4,2,3.08
397-3058,yes,5.7,7,1.54
397-2870,no,7.2,9,1.94
397-1766,yes,8.6,2,2.32
397-1659,no,11,3,2.97
397-1649,no,7.5,5,2.03
396-9656,no,8.6,5,2.32
396-9462,no,8.8,4,2.38
396-9279,no,11.8,3,3.19
396-8662,no,6.4,8,1.73
396-8400,no,14.3,2,3.86
396-8265,no,8.6,4,2.32
396-7687,no,13.3,7,3.59
396-7091,no,10.2,5,2.75
396-6775,no,10.3,5,2.78
396-6462,no,12.6,7,3.4
396-6390,no,10.3,3,2.78
396-6247,no,15.4,7,4.16
396-5800,no,10.6,4,2.86
396-5790,no,11.5,2,3.11
396-5561,no,16.7,2,4.51
396-5189,no,12.5,3,3.38
396-4869,no,15.6,12,4.21
396-4845,no,10.3,2,2.78
396-4460,no,6.7,9,1.81
396-4410,no,10.6,4,2.86
396-4311,no,12.8,3,3.46
396-4254,no,10,3,2.7
396-4234,yes,8.2,5,2.21
396-4171,no,9.4,2,2.54
396-3068,no,5.3,3,1.43
396-2945,no,10.2,2,2.75
396-2867,no,9.2,1,2.48
396-2719,no,6.9,2,1.86
396-2335,no,11.1,8,3
396-2324,no,10.4,6,2.81
396-2187,no,9.8,1,2.65
396-1800,no,17,6,4.59
396-1648,no,8,1,2.16
396-1278,no,11.7,3,3.16
396-1106,no,9.9,4,2.67
395-9270,no,13.5,2,3.65
395-9215,no,10.6,5,2.86
395-9214,no,10.4,15,2.81
395-8595,no,17,4,4.59
395-8330,no,12,1,3.24
395-7923,yes,13.7,5,3.7
395-7857,no,8.1,3,2.19
395-7435,yes,10.3,4,2.78
395-6913,no,14.3,2,3.86
395-6758,no,10.7,2,2.89
395-6369,no,13.7,3,3.7
395-6195,no,12.3,4,3.32
395-6149,no,10.8,5,2.92
395-6030,no,8.6,4,2.32
395-6002,no,11.6,8,3.13
395-5783,no,5.2,4,1.4
395-5285,no,10.6,6,2.86
395-5015,no,12.9,4,3.48
395-4757,no,9.6,2,2.59
395-4509,no,7,6,1.89
395-3852,no,11.9,4,3.21
395-3026,no,12.4,1,3.35
395-2854,no,8.3,4,2.24
395-2626,no,10.3,5,2.78
395-2579,no,11.5,4,3.11
395-1962,no,11,2,2.97
395-1901,no,8.8,5,2.38
395-1898,no,7.1,3,1.92
395-1718,no,9.2,2,2.48
395-1693,no,12.3,5,3.32
395-1380,no,0,0,0
395-1229,no,10.8,9,2.92
394-9984,no,10.7,2,2.89
394-9942,no,10.2,6,2.75
394-9934,no,18,5,4.86
394-9825,no,12.6,3,3.4
394-9220,no,7,10,1.89
394-9121,no,11.6,6,3.13
394-8861,no,4.3,3,1.16
394-8504,no,13.4,3,3.62
394-8402,no,8.2,3,2.21
394-8256,no,11.1,3,3
394-8086,no,7.3,4,1.97
394-8006,no,12.3,5,3.32
394-7710,yes,8.6,3,2.32
394-7447,no,13.1,4,3.54
394-6668,no,6.3,1,1.7
394-6577,no,11.4,3,3.08
394-6505,no,9.9,4,2.67
394-6382,no,8.7,3,2.35
394-6278,no,9.1,2,2.46
394-5753,yes,10,7,2.7
394-5537,no,11.3,3,3.05
394-5489,no,7.8,5,2.11
394-5202,no,8.9,3,2.4
394-4548,no,6.9,6,1.86
394-4520,no,14,2,3.78
394-4512,no,8.8,1,2.38
394-4260,no,11,5,2.97
394-3806,no,13,4,3.51
394-3791,no,11.3,4,3.05
394-3312,yes,8.1,3,2.19
394-3171,no,8.6,9,2.32
394-3051,no,13.2,8,3.56
394-3048,yes,9.6,7,2.59
394-3023,no,10.4,4,2.81
394-2560,yes,6.8,3,1.84
394-2553,no,7.7,6,2.08
394-2445,no,10.6,5,2.86
394-1211,no,10.1,6,2.73
393-9985,no,9.6,4,2.59
393-9918,no,14.6,6,3.94
393-9677,no,10.3,3,2.78
393-9619,no,10.7,9,2.89
393-9548,no,5.2,5,1.4
393-9424,no,9.5,7,2.57
393-8762,no,10.3,2,2.78
393-8736,no,8.2,6,2.21
393-8199,no,7.7,3,2.08
393-7984,no,5.7,6,1.54
393-7892,yes,9.2,4,2.48
393-7826,no,11.1,6,3
393-7522,no,12.6,8,3.4
393-7322,no,7.1,2,1.92
393-6840,yes,17.9,3,4.83
393-6733,no,8,2,2.16
393-6475,no,12.5,4,3.38
393-6376,no,11,4,2.97
393-6053,no,3.7,4,1
393-5897,no,12.1,5,3.27
393-5802,no,16.4,5,4.43
393-5284,no,7.6,11,2.05
393-5208,no,6.7,2,1.81
393-4949,no,11.1,2,3
393-4843,no,14.5,5,3.92
393-4823,no,10.6,6,2.86
393-4621,no,13,3,3.51
393-4528,no,8.1,4,2.19
393-4086,no,8.1,2,2.19
393-4027,no,15,4,4.05
393-3976,no,7.5,4,2.03
393-3635,no,12.5,5,3.38
393-3535,no,7.3,4,1.97
393-3507,no,12.7,6,3.43
393-3300,no,3.5,6,0.95
393-3274,no,10.6,5,2.86
393-3194,no,4.7,7,1.27
393-2812,no,7.5,5,2.03
393-2524,no,5.9,3,1.59
393-2373,no,9.1,5,2.46
393-2220,no,10.5,4,2.84
393-1891,no,5.4,5,1.46
392-9342,no,9.9,7,2.67
392-8905,no,7.1,1,1.92
392-8318,no,6,4,1.62
392-6856,no,10.6,5,2.86
392-6841,no,10.6,2,2.86
392-6647,no,15,5,4.05
392-6420,no,10.7,4,2.89
392-6331,no,9.3,11,2.51
392-6286,no,12,7,3.24
392-6239,no,7.6,3,2.05
392-6073,no,11.7,2,3.16
392-5941,no,10.1,3,2.73
392-5716,no,5,3,1.35
392-5605,no,10,5,2.7
392-5587,no,9.3,2,2.51
392-5512,no,5.1,2,1.38
392-5296,no,7.3,3,1.97
392-5090,no,10,5,2.7
392-4929,no,7.5,6,2.03
392-4680,no,12.5,4,3.38
392-3813,no,10.1,5,2.73
392-3315,no,12.6,5,3.4
392-2887,no,11.8,3,3.19
392-2733,no,9,6,2.43
392-2722,no,11.7,6,3.16
392-2708,no,7.7,2,2.08
392-2555,no,6.8,1,1.84
392-2459,no,11.2,5,3.02
392-2381,no,11.1,5,3
392-2268,no,15.2,2,4.1
392-1734,no,6.3,2,1.7
392-1616,no,9.2,5,2.48
392-1547,yes,10.4,9,2.81
392-1376,no,6.5,4,1.76
392-1105,no,8.8,2,2.38
391-8677,no,7.7,10,2.08
391-8626,no,10.1,5,2.73
391-8554,no,7.8,2,2.11
391-8369,no,10.8,4,2.92
391-8124,no,14.8,4,4
391-8087,no,10.6,4,2.86
391-8027,yes,6.3,6,1.7
391-7982,no,9.7,4,2.62
391-7937,no,15.2,4,4.1
391-7661,no,12.2,8,3.29
391-7528,no,12,6,3.24
391-7166,no,9.7,8,2.62
391-6773,no,6,3,1.62
391-6709,no,8.1,10,2.19
391-6607,no,12.5,3,3.38
391-6558,no,5.4,4,1.46
391-6260,no,14,8,3.78
391-5516,no,11.7,5,3.16
391-5442,no,8.9,5,2.4
391-4652,no,14.2,3,3.83
391-4358,yes,10.5,6,2.84
391-2702,no,8.6,4,2.32
391-2334,no,10.4,5,2.81
391-2231,no,9.8,3,2.65
391-2159,no,10.3,3,2.78
391-2022,no,10.9,3,2.94
391-1793,no,11.1,4,3
391-1783,no,10,4,2.7
391-1737,no,9,6,2.43
391-1499,no,5,3,1.35
391-1348,no,7.8,4,2.11
390-9986,no,5.2,1,1.4
390-9811,no,11.1,3,3
390-9735,yes,17,6,4.59
390-9698,no,10.2,1,2.75
390-9627,no,8.3,3,2.24
390-9359,no,5.9,3,1.59
390-8876,no,6.4,2,1.73
390-8760,no,8.5,5,2.3
390-7930,no,11.7,4,3.16
390-7863,no,11.2,2,3.02
390-7434,no,12.8,4,3.46
390-7370,no,10.5,3,2.84
390-7328,yes,11.1,9,3
390-7274,no,9.2,4,2.48
390-6932,yes,11.2,8,3.02
390-6388,no,12.3,9,3.32
390-6101,no,9.5,3,2.57
390-5686,no,10.7,5,2.89
390-5470,no,11.1,6,3
390-5316,no,13,9,3.51
390-5267,no,6.7,4,1.81
390-5055,yes,10.8,2,2.92
390-4789,no,6.6,4,1.78
390-4152,no,13,6,3.51
390-4003,no,10.4,4,2.81
390-3873,no,9.8,7,2.65
390-3761,no,9.1,4,2.46
390-3565,no,3.8,2,1.03
390-3401,no,14.1,4,3.81
390-2891,no,4.7,4,1.27
390-2805,no,11.7,4,3.16
390-2755,no,7.5,8,2.03
390-2433,no,7.4,3,2
390-2390,yes,14.1,7,3.81
390-2320,no,11.3,5,3.05
390-1760,no,12.1,1,3.27
390-1612,no,12,2,3.24
390-1552,no,4.3,4,1.16
389-9783,no,11.5,7,3.11
389-9120,no,12.8,5,3.46
389-8606,no,9.1,5,2.46
389-8417,no,10.5,3,2.84
389-8163,no,6.3,12,1.7
389-8096,no,6.6,12,1.78
389-7620,no,12.1,4,3.27
389-7073,no,12.2,1,3.29
389-7012,no,6.3,9,1.7
389-6955,no,8.8,3,2.38
389-6790,no,10.3,5,2.78
389-6082,no,11.8,3,3.19
389-6081,no,10.6,8,2.86
389-6037,yes,12.9,4,3.48
389-5988,no,12.7,3,3.43
389-5649,no,5.1,2,1.38
389-4780,no,9.4,4,2.54
389-4695,no,11.9,5,3.21
389-4608,no,8.9,3,2.4
389-4602,no,12.5,1,3.38
389-4278,no,9,5,2.43
389-4083,no,9.7,2,2.62
389-3206,no,7,3,1.89
389-2747,no,7.3,4,1.97
389-2631,no,9,1,2.43
389-2540,yes,11.4,3,3.08
389-2477,no,13.1,9,3.54
389-2114,no,7.3,1,1.97
389-1475,no,4.5,4,1.22
388-9944,no,13.1,9,3.54
388-9653,no,11.9,5,3.21
388-9568,no,2.7,4,0.73
388-9464,no,16.7,3,4.51
388-9285,no,15.3,4,4.13
388-8948,yes,6.3,6,1.7
388-8891,no,10.4,3,2.81
388-8797,no,8.5,7,2.3
388-8722,no,7.6,3,2.05
388-8670,no,7.2,5,1.94
388-8583,no,7.4,3,2
388-8282,no,13.9,2,3.75
388-7701,no,7.9,6,2.13
388-7540,no,8.5,5,2.3
388-7355,no,12.8,6,3.46
388-6658,no,7.8,5,2.11
388-6479,no,9,3,2.43
388-6441,no,8.6,7,2.32
388-6223,no,7.5,3,2.03
388-6026,yes,15.2,1,4.1
388-5850,no,9,3,2.43
388-4879,no,16.5,4,4.46
388-4571,no,9.5,13,2.57
388-4459,no,14.1,4,3.81
388-4331,no,0,0,0
388-4282,no,17.3,3,4.67
388-2240,yes,13.4,6,3.62
388-1250,no,15.1,2,4.08
387-9855,yes,9.9,3,2.67
387-9301,no,11.2,3,3.02
387-9137,no,12.8,4,3.46
387-8201,no,13.1,5,3.54
387-7757,no,7.5,2,2.03
387-7641,no,9.2,2,2.48
387-7371,no,8.4,8,2.27
387-6912,no,7.3,1,1.97
387-6716,no,10.6,4,2.86
387-6498,no,9,2,2.43
387-6440,no,13,4,3.51
387-6103,no,10.6,7,2.86
387-6065,no,10.4,4,2.81
387-6031,no,11.3,5,3.05
387-5891,yes,8,3,2.16
387-5860,no,10.3,5,2.78
387-5533,no,13.5,8,3.65
387-5453,no,9.5,2,2.57
387-5411,no,11.6,4,3.13
387-4504,no,14.6,2,3.94
387-4064,no,13.7,4,3.7
387-3422,no,7.8,8,2.11
387-3332,no,9.3,1,2.51
387-2919,yes,11.2,3,3.02
387-2799,no,14.5,4,3.92
387-2698,no,14.1,6,3.81
387-2604,yes,11.3,3,3.05
387-2041,no,0,0,0
387-2014,no,8.3,3,2.24
387-1535,no,12.7,4,3.43
387-1343,yes,5.5,6,1.49
387-1116,no,8.2,3,2.21
386-9981,no,11.4,2,3.08
386-9790,no,13.3,3,3.59
386-9774,no,10.9,3,2.94
386-9724,no,9.4,3,2.54
386-9711,no,13,3,3.51
386-9177,no,11.8,3,3.19
386-9141,no,12.4,5,3.35
386-8984,no,6.6,4,1.78
386-8943,no,8.4,3,2.27
386-8690,no,10.2,3,2.75
386-8536,no,10.8,2,2.92
386-8432,no,9.2,2,2.48
386-8118,no,13.4,3,3.62
386-7976,no,10.9,8,2.94
386-7456,no,8.7,5,2.35
386-7337,no,13.3,4,3.59
386-7281,no,13.7,3,3.7
386-7118,no,11.9,7,3.21
386-6580,no,8.1,4,2.19
386-6535,no,8.6,4,2.32
386-6411,no,11.5,5,3.11
386-6408,no,6.6,3,1.78
386-6306,no,13.6,5,3.67
386-6114,no,13,5,3.51
386-5684,no,7,2,1.89
386-5303,no,11.8,5,3.19
386-4581,no,11.4,7,3.08
386-4215,no,10.6,7,2.86
386-4170,yes,10.4,2,2.81
386-3823,no,11.6,5,3.13
386-3796,no,8.8,5,2.38
386-3766,no,13.1,4,3.54
386-3717,no,6.6,7,1.78
386-3671,no,15.8,7,4.27
386-3596,no,12.8,6,3.46
386-2970,no,14.4,2,3.89
386-2923,no,8.1,3,2.19
386-2810,yes,13.9,6,3.75
386-2759,no,10.9,4,2.94
386-2317,no,8.9,3,2.4
386-1631,no,9.4,6,2.54
386-1548,no,12.6,7,3.4
386-1418,no,18.4,3,4.97
386-1374,no,10.8,4,2.92
386-1131,no,14,5,3.78
385-9744,no,4.4,14,1.19
385-9657,no,12.1,2,3.27
385-8997,no,8.3,4,2.24
385-8730,no,8.5,2,2.3
385-8406,no,12.4,13,3.35
385-8240,no,11.1,3,3
385-8184,no,5.3,4,1.43
385-7922,no,11.1,3,3
385-7861,yes,11.9,3,3.21
385-7688,no,6.8,6,1.84
385-7387,no,11.3,5,3.05
385-7157,no,9.3,3,2.51
385-7148,no,12.5,3,3.38
385-7082,no,9.3,3,2.51
385-6952,no,9.1,4,2.46
385-6778,no,16,2,4.32
385-6175,no,5.7,5,1.54
385-5722,no,10.6,6,2.86
385-5688,no,7.1,5,1.92
385-4766,no,14,9,3.78
385-4715,no,13.5,3,3.65
385-3540,no,9,2,2.43
385-3263,no,11.8,4,3.19
385-3111,no,12.6,3,3.4
385-2699,no,7.8,3,2.11
385-2683,no,12.7,1,3.43
385-2564,no,12,5,3.24
385-2488,no,14.1,8,3.81
385-2370,no,10.8,6,2.92
385-1985,no,13.6,2,3.67
385-1830,no,12.4,9,3.35
385-1464,no,6.7,3,1.81
385-1423,no,8.8,4,2.38
385-1214,no,7.3,4,1.97
385-1118,yes,9.6,2,2.59
384-9682,no,9.9,2,2.67
384-9254,yes,8.6,4,2.32
384-9243,no,11.6,6,3.13
384-9033,no,14.2,2,3.83
384-8890,no,8.7,2,2.35
384-8723,yes,11.1,3,3
384-8629,no,11.3,4,3.05
384-7873,no,10.9,4,2.94
384-7724,no,6.4,2,1.73
384-7459,no,10.5,4,2.84
384-7236,yes,10.7,2,2.89
384-7216,no,6.9,4,1.86
384-6654,no,9.6,2,2.59
384-6372,no,10.2,6,2.75
384-6264,no,9.7,4,2.62
384-6132,yes,11.3,2,3.05
384-5907,no,11,2,2.97
384-5632,yes,14,7,3.78
384-5343,no,10.2,3,2.75
384-5335,no,11.8,1,3.19
384-5027,no,13.2,5,3.56
384-5004,no,11.6,5,3.13
384-4938,yes,16.9,2,4.56
384-4595,no,7.4,10,2
384-4385,no,8.9,4,2.4
384-3904,no,9.3,1,2.51
384-3902,no,11.5,5,3.11
384-3413,no,6.3,2,1.7
384-3389,no,7.6,3,2.05
384-3299,yes,11.1,2,3
384-3101,no,9.5,5,2.57
384-2908,no,13.2,5,3.56
384-2632,no,13.4,5,3.62
384-2372,yes,8.7,9,2.35
384-2219,no,9.9,5,2.67
384-1833,no,8.6,4,2.32
384-1621,no,9.6,5,2.59
384-1549,no,10.2,10,2.75
384-1135,no,12.4,2,3.35
383-9448,no,9.8,7,2.65
383-9355,no,11.3,4,3.05
383-9306,yes,9.2,10,2.48
383-9255,no,9.3,3,2.51
383-8878,no,8.9,4,2.4
383-8848,no,8.6,3,2.32
383-8807,no,15.2,8,4.1
383-8695,no,15.5,4,4.19
383-8364,no,6.5,1,1.76
383-7689,no,10.3,6,2.78
383-6544,yes,11.2,3,3.02
383-6489,no,14.7,7,3.97
383-6373,no,0,0,0
383-6356,no,11,5,2.97
383-6293,no,6.9,11,1.86
383-6095,no,10.9,3,2.94
383-6029,yes,14.6,15,3.94
383-5976,no,9.5,7,2.57
383-5474,no,10.8,6,2.92
383-5109,no,12.8,3,3.46
383-4802,no,0,0,0
383-4641,no,11.3,7,3.05
383-4361,no,9.8,3,2.65
383-4322,no,9.8,7,2.65
383-4319,no,4.2,4,1.13
383-4061,yes,11,2,2.97
383-3375,no,1.1,2,0.3
383-2901,yes,9.8,3,2.65
383-2566,no,6,3,1.62
383-2537,no,11.3,5,3.05
383-2251,no,11.1,4,3
383-2017,no,11.3,6,3.05
383-1657,yes,14.5,4,3.92
383-1509,no,12.1,4,3.27
383-1431,no,7,3,1.89
383-1121,no,12.6,10,3.4
382-9447,no,6.1,2,1.65
382-9297,no,10.5,2,2.84
382-9138,no,9.8,4,2.65
382-8518,no,10.1,3,2.73
382-8274,no,10.3,5,2.78
382-8079,yes,12.1,2,3.27
382-7999,no,6.5,4,1.76
382-7993,no,11.8,8,3.19
382-7659,no,2.9,7,0.78
382-6827,no,8,3,2.16
382-6438,no,12.7,3,3.43
382-6153,no,13.8,5,3.73
382-6135,no,11.6,4,3.13
382-5743,no,7.5,8,2.03
382-5478,no,6.9,5,1.86
382-5401,no,10,1,2.7
382-4952,no,13.4,3,3.62
382-4943,no,15.6,3,4.21
382-4932,no,9.5,1,2.57
382-4872,no,9.7,9,2.62
382-4657,no,10,3,2.7
382-4084,no,12.7,5,3.43
382-4024,no,10.8,2,2.92
382-3966,yes,12.6,5,3.4
382-3512,no,11.8,4,3.19
382-2879,no,11.4,4,3.08
382-2453,no,6.4,6,1.73
382-2182,yes,13.7,6,3.7
382-2026,no,15.2,6,4.1
382-1399,no,8.3,3,2.24
382-1227,no,9.1,2,2.46
382-1104,no,10.5,4,2.84
381-9367,no,10.7,3,2.89
381-9234,no,16.1,6,4.35
381-9196,no,7.7,4,2.08
381-9049,no,9.5,5,2.57
381-8593,no,11,8,2.97
381-8422,no,9,13,2.43
381-7597,no,13.2,3,3.56
381-7003,no,12.4,4,3.35
381-5878,yes,9.6,7,2.59
381-5273,no,12.6,1,3.4
381-5047,no,9.4,3,2.54
381-4756,no,6.8,5,1.84
381-4712,no,5.8,2,1.57
381-4565,no,8.4,9,2.27
381-4562,no,11,3,2.97
381-4076,no,8.9,2,2.4
381-4029,no,12.2,2,3.29
381-3735,no,10.9,4,2.94
381-2745,no,12.1,6,3.27
381-2726,no,6.2,6,1.67
381-2709,no,10.5,4,2.84
381-2498,no,12,4,3.24
381-2460,yes,8.3,4,2.24
381-2413,no,12.3,5,3.32
381-2376,no,13.3,5,3.59
381-1328,no,11.3,4,3.05
381-1026,no,11.7,1,3.16
380-9990,no,15.5,5,4.19
380-9879,no,11.6,5,3.13
380-9849,no,5.6,11,1.51
380-9674,no,12.3,4,3.32
380-9409,no,12.9,7,3.48
380-9063,no,14.6,4,3.94
380-8727,no,11.5,7,3.11
380-7816,yes,9.6,4,2.59
380-7742,yes,13.2,6,3.56
380-7624,no,9.8,6,2.65
380-7321,no,4.7,7,1.27
380-7277,no,8.9,4,2.4
380-6722,no,12.3,1,3.32
380-6631,no,6.6,8,1.78
380-6571,no,11.4,3,3.08
380-6437,no,11.8,3,3.19
380-6413,no,10.5,4,2.84
380-6342,no,9.1,4,2.46
380-6074,no,8.7,6,2.35
380-5873,no,10.2,2,2.75
380-5667,no,11.5,5,3.11
380-5286,no,11.6,2,3.13
380-5246,no,8.9,3,2.4
380-5102,no,14.1,4,3.81
380-4374,no,11.8,4,3.19
380-4080,yes,11.1,2,3
380-3974,no,9.7,3,2.62
380-3910,yes,4.5,4,1.22
380-3561,yes,11.7,4,3.16
380-3437,no,12.2,5,3.29
380-3329,no,7.4,4,2
380-3311,no,13.4,1,3.62
380-3186,no,9,2,2.43
380-3161,no,10,8,2.7
380-2929,no,10.7,6,2.89
380-2758,no,13.3,3,3.59
380-2600,no,12.1,9,3.27
380-2558,no,13.9,11,3.75
380-1096,no,14.7,1,3.97
379-9859,no,8.6,4,2.32
379-9821,no,9.1,1,2.46
379-9524,no,10.9,3,2.94
379-8805,no,7.5,5,2.03
379-8681,no,8,4,2.16
379-8526,no,9.7,7,2.62
379-8248,no,8,2,2.16
379-7779,no,11.9,9,3.21
379-7290,yes,7.8,8,2.11
379-7215,no,8.9,2,2.4
379-7192,no,12.1,2,3.27
379-7009,no,13.8,7,3.73
379-6970,no,10.7,4,2.89
379-6652,no,11.9,7,3.21
379-6506,no,4.4,8,1.19
379-5933,no,11.7,5,3.16
379-5885,no,13.8,3,3.73
379-5592,no,12,3,3.24
379-5503,no,8.6,8,2.32
379-5211,yes,9.8,4,2.65
379-4583,no,10.7,5,2.89
379-4372,no,8.6,7,2.32
379-4257,no,7.5,2,2.03
379-3953,yes,10.1,3,2.73
379-3132,no,11.4,8,3.08
379-3037,no,8.7,1,2.35
379-3012,no,8.6,2,2.32
379-2991,no,9.3,6,2.51
379-2523,no,8.2,4,2.21
379-2514,no,6.3,3,1.7
379-2508,no,7.7,6,2.08
379-2503,no,11.3,5,3.05
379-1720,yes,8,3,2.16
379-1336,no,9.4,2,2.54
378-9542,no,10.4,7,2.81
378-9506,no,9.3,3,2.51
378-9478,no,9.4,5,2.54
378-9090,no,10.7,2,2.89
378-9029,no,7.7,6,2.08
378-8572,no,9.9,1,2.67
378-8567,no,12.8,1,3.46
378-8342,no,12.8,3,3.46
378-8137,no,4,5,1.08
378-8029,yes,10,4,2.7
378-8019,no,7.5,2,2.03
378-7872,no,7,4,1.89
378-7733,no,11.1,5,3
378-7418,no,11.9,7,3.21
378-7299,no,11.1,5,3
378-6986,no,8.3,3,2.24
378-6924,no,15.9,6,4.29
378-6772,yes,7.7,9,2.08
378-6276,no,9.1,6,2.46
378-5692,no,11.9,3,3.21
378-5633,no,12.3,3,3.32
378-4617,no,10.4,6,2.81
378-4557,no,12.7,6,3.43
378-4294,no,9.9,9,2.67
378-4179,no,9.8,7,2.65
378-4145,no,5.4,3,1.46
378-4013,yes,5.8,4,1.57
378-3879,no,12.5,3,3.38
378-3722,yes,9.7,6,2.62
378-3625,no,10.7,6,2.89
378-3508,yes,10.3,9,2.78
378-2940,no,12.3,1,3.32
378-2432,no,12.5,1,3.38
378-2397,no,10,9,2.7
378-1936,no,9,13,2.43
378-1884,no,8.8,3,2.38
378-1303,no,8.5,4,2.3
378-1144,no,12.9,4,3.48
377-9932,no,11.2,1,3.02
377-9829,no,6.2,3,1.67
377-9520,no,14.6,9,3.94
377-9473,no,11.6,6,3.13
377-9178,no,9.7,2,2.62
377-9092,no,11.4,4,3.08
377-8608,no,12.5,1,3.38
377-8309,no,8.4,8,2.27
377-8267,no,7.2,4,1.94
377-8266,no,10,2,2.7
377-8067,yes,12.3,10,3.32
377-7843,no,12.1,2,3.27
377-7561,no,9.1,5,2.46
377-7399,no,11.4,3,3.08
377-7276,no,9.1,3,2.46
377-7177,no,9.8,3,2.65
377-7107,no,13.1,2,3.54
377-6635,no,10,6,2.7
377-5441,no,7.2,5,1.94
377-5417,no,10.4,5,2.81
377-5258,no,11.2,2,3.02
377-5043,no,10,2,2.7
377-4975,no,3.9,9,1.05
377-4518,yes,8.3,3,2.24
377-4169,yes,9.9,1,2.67
377-3876,no,16.6,3,4.48
377-3417,no,13.4,5,3.62
377-3139,no,9.5,1,2.57
377-2725,no,0,0,0
377-2235,no,5.5,4,1.49
377-1765,no,11.1,7,3
377-1479,no,14,4,3.78
377-1293,no,8.4,2,2.27
377-1273,no,8,6,2.16
377-1218,no,10.6,4,2.86
377-1164,no,11.6,4,3.13
376-9940,no,12.5,9,3.38
376-9716,no,8,5,2.16
376-9607,no,6.9,2,1.86
376-9513,no,12.3,5,3.32
376-9249,no,9.7,5,2.62
376-8573,yes,9.4,2,2.54
376-7207,no,11.9,6,3.21
376-7145,no,12.8,7,3.46
376-7043,no,8.5,2,2.3
376-5908,no,12.7,6,3.43
376-5471,no,9.9,1,2.67
376-5375,no,17.6,5,4.75
376-5213,no,11.6,2,3.13
376-5201,no,10.8,5,2.92
376-4861,no,5.5,4,1.49
376-4856,no,11.8,2,3.19
376-4705,yes,13.6,3,3.67
376-4665,no,10.9,3,2.94
376-4540,yes,7.7,7,2.08
376-4519,no,12.4,7,3.35
376-4484,no,10,4,2.7
376-4300,no,0,0,0
376-4292,no,6.2,1,1.67
376-4284,no,12.1,4,3.27
376-4271,no,13.5,5,3.65
376-4035,no,8.3,4,2.24
376-2922,no,9.5,3,2.57
376-2550,no,15.5,4,4.19
376-2408,no,8.3,5,2.24
376-1713,no,12.6,5,3.4
376-1677,yes,5.4,5,1.46
376-1641,no,8.6,4,2.32
376-1000,no,11.7,1,3.16
375-9999,yes,6.6,7,1.78
375-9930,no,5.6,4,1.51
375-9671,no,12,4,3.24
375-9180,no,11.9,1,3.21
375-8934,no,7.7,5,2.08
375-8880,no,8.9,1,2.4
375-8761,no,9.5,2,2.57
375-8596,yes,9.1,10,2.46
375-8505,no,16.1,4,4.35
375-8493,no,8.6,2,2.32
375-8304,no,8.6,6,2.32
375-8238,yes,9.4,15,2.54
375-8013,no,10.8,5,2.92
375-6911,no,10.5,3,2.84
375-5562,no,11.8,4,3.19
375-5547,no,13.8,3,3.73
375-5439,no,3.9,2,1.05
375-5414,no,11.5,4,3.11
375-4900,no,9.5,5,2.57
375-4770,no,8.2,5,2.21
375-4107,no,13.9,1,3.75
375-3826,no,9.8,5,2.65
375-3668,no,6.1,10,1.65
375-3658,no,9.7,4,2.62
375-3586,no,8.8,4,2.38
375-3341,yes,7.3,5,1.97
375-3003,no,9.4,4,2.54
375-2975,yes,14.3,6,3.86
375-2522,no,9.2,4,2.48
375-2184,yes,13.6,5,3.67
375-2165,no,10.5,11,2.84
375-2098,no,11.3,3,3.05
375-1746,no,12.7,2,3.43
375-1721,no,10.6,1,2.86
375-1476,no,13,2,3.51
374-9576,yes,9.2,1,2.48
374-9531,yes,10,5,2.7
374-9203,no,11.3,3,3.05
374-9107,no,10.2,2,2.75
374-8525,no,5.3,4,1.43
374-8329,yes,14.4,10,3.89
374-8187,no,7.7,3,2.08
374-8042,no,13.8,3,3.73
374-7787,yes,11.5,2,3.11
374-7285,no,12.1,9,3.27
374-6966,no,7.4,2,2
374-6525,no,11,7,2.97
374-6217,no,11.2,2,3.02
374-5965,no,8.7,6,2.35
374-5530,no,9.8,9,2.65
374-5353,no,11.7,4,3.16
374-5301,no,11.3,6,3.05
374-5224,no,11.8,3,3.19
374-4664,yes,7.8,5,2.11
374-3534,no,10.5,4,2.84
374-2073,no,8.7,5,2.35
374-1981,no,11,10,2.97
374-1836,no,8.5,6,2.3
374-1684,no,4.2,1,1.13
374-1551,no,8.2,6,2.21
374-1213,no,8.8,2,2.38
373-9108,no,11.5,3,3.11
373-8920,no,5.3,3,1.43
373-8908,no,8.9,4,2.4
373-8900,no,7,6,1.89
373-8895,no,4.9,3,1.32
373-8483,no,11.8,10,3.19
373-7974,no,12.9,4,3.48
373-7713,no,9.1,4,2.46
373-7690,no,12.5,4,3.38
373-7308,no,11.5,7,3.11
373-7037,no,8.6,2,2.32
373-6922,no,13.4,4,3.62
373-6784,no,9.2,10,2.48
373-6681,no,12.3,6,3.32
373-6379,no,10.2,5,2.75
373-5928,no,11.6,1,3.13
373-5732,no,14.7,2,3.97
373-5670,no,10.8,3,2.92
373-5438,no,9.2,15,2.48
373-5196,no,7.1,7,1.92
373-4819,no,9,3,2.43
373-4483,no,9.9,3,2.67
373-4274,no,8.8,2,2.38
373-4264,no,7.5,1,2.03
373-3959,no,6.1,5,1.65
373-3731,no,13.8,2,3.73
373-3549,no,8.9,3,2.4
373-3538,no,11.2,5,3.02
373-3251,no,11.9,3,3.21
373-2903,no,7.7,2,2.08
373-2782,no,13,2,3.51
373-2339,no,13.2,5,3.56
373-2091,no,11.3,11,3.05
373-2053,no,12.7,8,3.43
373-1448,no,9.6,1,2.59
373-1028,no,5.3,3,1.43
372-9976,no,9.4,2,2.54
372-9852,no,9.7,2,2.62
372-9816,no,6.9,4,1.86
372-9091,no,18,2,4.86
372-8925,no,10.4,7,2.81
372-8883,no,12,2,3.24
372-8405,no,10.6,2,2.86
372-8048,no,16,6,4.32
372-7990,no,9.9,2,2.67
372-7326,no,11.7,5,3.16
372-6920,no,8.5,5,2.3
372-6623,no,8.2,3,2.21
372-6497,no,13.7,4,3.7
372-5384,no,7.3,4,1.97
372-5262,no,8.2,2,2.21
372-4868,no,9.3,7,2.51
372-4835,no,8.8,4,2.38
372-4722,no,14.4,7,3.89
372-4203,no,10.7,5,2.89
372-3987,no,8.4,4,2.27
372-3750,no,11.9,1,3.21
372-2990,no,10.2,4,2.75
372-2296,no,4.2,7,1.13
372-1824,no,6.2,10,1.67
372-1534,no,14,6,3.78
372-1493,no,9.6,8,2.59
372-1115,no,7.8,10,2.11
371-9602,no,8.4,3,2.27
371-9482,no,8.2,4,2.21
371-9457,yes,7.7,2,2.08
371-9414,no,5.9,3,1.59
371-8598,no,12.6,3,3.4
371-8452,no,8.7,4,2.35
371-7917,no,12.7,2,3.43
371-7366,no,8.9,1,2.4
371-7191,no,13.7,3,3.7
371-6990,no,10.2,8,2.75
371-6284,yes,10,2,2.7
371-5875,no,8.8,4,2.38
371-5811,no,10.5,6,2.84
371-5655,no,12.4,2,3.35
371-5556,no,8.7,3,2.35
371-4788,no,10.9,6,2.94
371-4633,no,14.7,8,3.97
371-4306,no,10.1,1,2.73
371-3498,no,8.4,6,2.27
371-3236,no,8.4,5,2.27
371-2500,no,8.7,3,2.35
371-2418,no,9.9,3,2.67
371-2316,no,11,4,2.97
371-2155,no,12,4,3.24
371-1727,no,10.4,8,2.81
371-1514,no,10.1,5,2.73
371-1187,no,10.6,3,2.86
371-1139,no,12.3,3,3.32
370-9755,no,13.5,3,3.65
370-9622,no,12.3,4,3.32
370-9592,no,6.3,3,1.7
370-9563,no,9,9,2.43
370-9533,no,7.9,1,2.13
370-9296,no,5.1,8,1.38
370-9116,no,15.8,7,4.27
370-9000,no,11.8,6,3.19
370-8786,no,11.9,3,3.21
370-8676,no,10.2,6,2.75
370-8463,no,9,2,2.43
370-8379,no,12.7,6,3.43
370-8262,no,10.2,3,2.75
370-8023,no,7.9,5,2.13
370-7574,no,5.8,3,1.57
370-7565,no,16.3,4,4.4
370-7550,no,7.2,3,1.94
370-7546,no,7.6,6,2.05
370-5626,no,14.8,9,4
370-5527,no,11.3,3,3.05
370-5361,no,11.8,2,3.19
370-5042,no,9.7,3,2.62
370-5001,no,9.9,3,2.67
370-4395,no,8,7,2.16
370-4139,no,7.6,4,2.05
370-3450,no,13,4,3.51
370-3359,no,10.3,5,2.78
370-3271,no,9.6,4,2.59
370-3032,no,7.3,4,1.97
370-3021,no,9.2,6,2.48
370-2957,no,10.6,5,2.86
370-2892,no,8.7,6,2.35
370-2688,no,9,3,2.43
370-2451,no,10,4,2.7
370-1525,no,10.2,1,2.75
370-1465,no,7.9,4,2.13
369-9772,no,11.9,5,3.21
369-9465,no,0,0,0
369-8871,no,5.5,4,1.49
369-8703,no,10.7,2,2.89
369-8576,no,11.1,11,3
369-8574,yes,14.2,6,3.83
369-8024,yes,8.3,2,2.24
369-8005,no,6.5,4,1.76
369-7903,no,8,6,2.16
369-7295,no,14.2,2,3.83
369-7049,no,8.3,2,2.24
369-7017,no,11.5,3,3.11
369-6890,yes,14.4,3,3.89
369-6880,no,17.2,9,4.64
369-6308,no,6.2,3,1.67
369-6204,no,7.3,5,1.97
369-6012,no,7.8,6,2.11
369-5942,no,8.9,8,2.4
369-5810,no,14,2,3.78
369-5526,no,9.8,4,2.65
369-5449,no,15.3,6,4.13
369-5222,no,13.1,8,3.54
369-4962,no,7.6,6,2.05
369-4384,no,9.8,5,2.65
369-4377,no,12.8,6,3.46
369-4012,no,10.1,3,2.73
369-3756,no,9.8,6,2.65
369-3626,no,8.6,3,2.32
369-3214,no,7.6,5,2.05
369-2899,no,10.6,7,2.86
369-2743,no,7.1,7,1.92
369-2625,no,10.4,6,2.81
369-2214,no,6,3,1.62
369-1929,no,6.7,5,1.81
369-1904,no,13.8,2,3.73
369-1220,no,9.9,3,2.67
368-9860,no,10.5,3,2.84
368-9751,no,7.2,2,1.94
368-9507,no,11.2,4,3.02
368-9073,no,12.5,1,3.38
368-9007,no,11.2,7,3.02
368-8972,no,5.4,3,1.46
368-8964,no,9.7,3,2.62
368-8835,no,10.9,5,2.94
368-8600,no,11,13,2.97
368-8555,no,9.3,4,2.51
368-8283,no,9.6,1,2.59
368-8026,no,12.2,3,3.29
368-7706,no,12.2,6,3.29
368-7555,yes,14.1,4,3.81
368-6892,no,10.3,8,2.78
368-6488,no,12.5,3,3.38
368-6174,no,14.8,1,4
368-6111,no,9.8,1,2.65
368-5758,no,9.6,6,2.59
368-5647,no,12.2,4,3.29
368-5628,no,10.4,6,2.81
368-5612,no,8.8,5,2.38
368-5437,no,11.6,4,3.13
368-5165,no,10.7,3,2.89
368-3931,no,11.4,5,3.08
368-3808,no,9.7,3,2.62
368-3287,no,10.7,4,2.89
368-3117,yes,8.7,4,2.35
368-3078,no,10.3,5,2.78
368-2845,no,8.3,2,2.24
368-2583,no,10.9,3,2.94
368-2458,no,12.3,4,3.32
368-2074,yes,11.6,8,3.13
368-1288,no,12.5,7,3.38
367-9765,no,11.3,7,3.05
367-9495,no,15.3,4,4.13
367-9259,no,8.2,4,2.21
367-9257,no,7.1,7,1.92
367-9127,no,9.4,6,2.54
367-8924,no,9.8,4,2.65
367-8692,no,10.4,4,2.81
367-8298,no,12.8,4,3.46
367-8168,yes,11,4,2.97
367-8156,no,12.4,2,3.35
367-7906,no,8.9,8,2.4
367-7039,no,10.5,8,2.84
367-6136,no,12.4,5,3.35
367-6005,no,11.4,3,3.08
367-5923,no,13.1,7,3.54
367-5226,no,12.7,2,3.43
367-4853,no,7.2,5,1.94
367-4277,no,6.9,2,1.86
367-3971,no,0,0,0
367-3950,no,9.1,4,2.46
367-3648,no,10.1,3,2.73
367-3439,no,10.2,2,2.75
367-3220,no,11.7,7,3.16
367-2598,no,10.5,6,2.84
367-2436,no,8.4,9,2.27
367-2227,no,10.3,2,2.78
367-2056,no,7.6,4,2.05
367-1681,yes,13.2,3,3.56
367-1424,no,12.4,4,3.35
367-1398,no,12.3,3,3.32
367-1062,no,6.8,3,1.84
367-1024,no,14.2,4,3.83
366-9781,no,9.5,4,2.57
366-9538,yes,11.4,11,3.08
366-9430,no,5.7,9,1.54
366-9238,no,13.1,6,3.54
366-9211,no,11,3,2.97
366-9074,no,15.3,5,4.13
366-9015,no,10.5,4,2.84
366-8939,yes,11,2,2.97
366-8382,no,7,7,1.89
366-8036,no,8.5,5,2.3
366-7912,no,13.2,2,3.56
366-7616,no,10.1,4,2.73
366-7560,no,2.1,5,0.57
366-7360,no,5.9,2,1.59
366-7331,no,16.1,8,4.35
366-7247,yes,17.5,5,4.73
366-7069,no,11.5,6,3.11
366-6991,no,9.3,9,2.51
366-6751,no,7.6,3,2.05
366-6730,no,11.1,4,3
366-6345,yes,17.6,4,4.75
366-6248,no,11.1,2,3
366-5918,no,10,2,2.7
366-5829,no,8.8,7,2.38
366-5780,no,9.8,7,2.65
366-5699,no,7.5,3,2.03
366-5640,no,9.8,4,2.65
366-5241,no,11.3,8,3.05
366-4467,no,9.8,5,2.65
366-4444,no,9.1,8,2.46
366-4426,no,11.2,3,3.02
366-4334,no,10.7,5,2.89
366-4287,yes,8.9,8,2.4
366-4225,no,10.4,3,2.81
366-3944,no,14.6,5,3.94
366-3917,no,12.7,2,3.43
366-3358,no,11.1,6,3
366-2622,no,10.9,4,2.94
366-2541,no,13.3,4,3.59
366-2536,no,10.9,4,2.94
366-2273,no,11.4,7,3.08
366-2212,no,9.3,2,2.51
366-1613,no,10.7,6,2.89
366-1084,no,12.3,10,3.32
365-9696,no,10.6,3,2.86
365-9371,yes,11.2,13,3.02
365-9079,yes,8.8,9,2.38
365-9011,yes,8.3,8,2.24
365-8831,no,10,1,2.7
365-8779,no,9.3,4,2.51
365-8114,no,12.4,6,3.35
365-7784,no,9.7,2,2.62
365-7774,yes,11,2,2.97
365-6756,no,8.1,1,2.19
365-6205,no,11.6,4,3.13
365-6022,no,4.9,4,1.32
365-5979,no,13.3,2,3.59
365-5886,no,6.4,5,1.73
365-5682,yes,8.1,4,2.19
365-5629,no,10,6,2.7
365-5039,no,5.4,7,1.46
365-4728,no,10.6,10,2.86
365-4387,no,8.3,6,2.24
365-3562,no,11,4,2.97
365-3493,no,9,2,2.43
365-2341,no,10.8,6,2.92
365-2192,no,2.4,3,0.65
365-2153,no,14.4,7,3.89
365-2008,no,6.3,7,1.7
365-1688,no,9.2,5,2.48
365-1664,no,12.1,4,3.27
364-9904,no,7,4,1.89
364-9567,no,12.2,2,3.29
364-9425,no,9.4,3,2.54
364-9240,no,13.4,10,3.62
364-9059,no,11.2,8,3.02
364-9040,yes,14.5,7,3.92
364-8981,no,12,2,3.24
364-8774,no,13.4,6,3.62
364-8731,no,13.2,5,3.56
364-8128,no,11.4,9,3.08
364-7719,no,7.9,3,2.13
364-7644,no,11,5,2.97
364-7622,no,15.8,6,4.27
364-6801,no,10.6,4,2.86
364-6445,no,3.5,3,0.95
364-6381,yes,5,10,1.35
364-5510,no,8.8,4,2.38
364-5362,no,9.1,7,2.46
364-5126,no,11.4,5,3.08
364-4927,no,9.1,3,2.46
364-3567,no,14.8,2,4
364-3286,no,6.8,7,1.84
364-2495,no,10.1,5,2.73
364-2439,no,8.3,4,2.24
364-2166,no,12.1,4,3.27
364-1995,no,7.4,5,2
364-1969,no,9.8,6,2.65
364-1134,no,14.7,5,3.97
363-9969,no,8.4,6,2.27
363-9663,no,7,5,1.89
363-8824,no,8.9,1,2.4
363-8755,no,11.1,4,3
363-8715,no,15,3,4.05
363-8424,no,11.8,1,3.19
363-8244,no,5.8,3,1.57
363-8033,no,14.2,2,3.83
363-7979,no,12,3,3.24
363-7802,no,10.1,7,2.73
363-6896,no,10.2,3,2.75
363-6695,no,11.3,5,3.05
363-5947,no,10.2,3,2.75
363-5853,no,7.8,8,2.11
363-5819,no,5,5,1.35
363-5450,no,13.2,5,3.56
363-4967,no,13.1,1,3.54
363-4779,no,10.6,3,2.86
363-4005,no,9.2,5,2.48
363-3911,no,10.5,2,2.84
363-3818,no,13.7,3,3.7
363-3763,no,12.1,13,3.27
363-3571,no,10.3,2,2.78
363-3515,no,6.7,18,1.81
363-3486,no,10.9,6,2.94
363-3469,no,10.5,9,2.84
363-3295,no,12.2,6,3.29
363-2602,no,0,0,0
363-2407,no,11.7,7,3.16
363-2193,no,13.1,6,3.54
363-1719,no,8.6,4,2.32
363-1560,no,9.9,6,2.67
363-1413,yes,13,3,3.51
363-1366,no,14.1,7,3.81
363-1208,no,3.7,5,1
363-1123,no,13.6,17,3.67
363-1107,no,11.2,2,3.02
363-1069,yes,20,6,5.4
362-9983,no,8.8,2,2.38
362-9748,no,9.8,7,2.65
362-9411,no,7,1,1.89
362-9391,no,7.4,4,2
362-8886,no,11.7,4,3.16
362-8763,no,9.8,5,2.65
362-8378,no,11,4,2.97
362-8331,no,8.7,3,2.35
362-8280,no,11.5,3,3.11
362-7951,no,13.2,6,3.56
362-7870,no,10.8,5,2.92
362-7835,no,9,2,2.43
362-7604,no,12,2,3.24
362-7581,yes,7.9,3,2.13
362-7318,no,6.7,5,1.81
362-6528,no,9.6,3,2.59
362-5899,no,13.6,3,3.67
362-5889,no,12,3,3.24
362-5579,no,10.7,9,2.89
362-5111,no,10.4,5,2.81
362-5044,no,5.2,6,1.4
362-4685,no,8.5,2,2.3
362-4596,no,11.5,4,3.11
362-4159,no,5.8,7,1.57
362-3660,no,8,5,2.16
362-3107,no,10.2,13,2.75
362-2787,no,8.2,5,2.21
362-2776,yes,3.6,7,0.97
362-2356,no,11.4,10,3.08
362-2353,no,5.3,6,1.43
362-2314,no,14.4,12,3.89
362-2067,no,11.8,7,3.19
362-1490,no,15.3,3,4.13
362-1407,no,14.7,6,3.97
362-1146,no,17.1,6,4.62
361-9923,no,10.8,11,2.92
361-9845,no,12.1,2,3.27
361-9839,yes,7.8,3,2.11
361-9621,no,9.5,2,2.57
361-9195,no,10.3,1,2.78
361-8367,no,13.5,7,3.65
361-8288,no,9.3,3,2.51
361-8239,no,11,3,2.97
361-8113,yes,12.9,3,3.48
361-7998,no,10.9,6,2.94
361-7702,no,11.2,5,3.02
361-7283,no,7.9,5,2.13
361-6814,no,8.8,4,2.38
361-6563,yes,5,2,1.35
361-5936,no,5.9,2,1.59
361-5864,no,10.1,4,2.73
361-5277,no,12.3,4,3.32
361-5225,no,12.7,2,3.43
361-4910,no,8.4,3,2.27
361-4137,no,5.8,2,1.57
361-3779,no,7.9,2,2.13
361-3337,no,14.6,7,3.94
361-2924,no,11.3,4,3.05
361-2349,no,8.9,1,2.4
361-2170,no,6.9,5,1.86
361-1900,yes,6.4,3,1.73
361-1581,no,9.3,5,2.51
361-1404,no,10.2,11,2.75
361-1315,no,9.9,3,2.67
360-9676,no,7.4,2,2
360-9038,no,15,5,4.05
360-9005,no,7.4,7,2
360-8919,no,5.5,6,1.49
360-8666,no,6.5,8,1.76
360-8135,no,11.2,6,3.02
360-7839,no,7.7,2,2.08
360-7477,no,8,3,2.16
360-7404,no,10.4,7,2.81
360-7246,no,11.5,1,3.11
360-7079,no,3.1,1,0.84
360-7076,no,14.7,7,3.97
360-6868,no,9.1,4,2.46
360-6416,no,13.8,4,3.73
360-6309,no,9.8,4,2.65
360-6024,no,13.2,2,3.56
360-5794,no,9.7,6,2.62
360-5779,no,7.1,5,1.92
360-5636,no,9.3,5,2.51
360-4320,no,10.7,3,2.89
360-3525,no,9.6,9,2.59
360-3324,yes,10.5,2,2.84
360-3126,no,4.9,9,1.32
360-2690,no,0,0,0
360-2479,no,10,3,2.7
360-2329,no,13.9,2,3.75
360-2107,no,8.5,4,2.3
360-1852,no,12.4,4,3.35
360-1776,no,10.1,5,2.73
360-1745,no,9,3,2.43
360-1643,no,11.3,10,3.05
360-1596,no,11.8,3,3.19
360-1406,no,14,2,3.78
360-1320,no,7.9,2,2.13
360-1171,no,8.2,7,2.21
359-9992,no,7.6,7,2.05
359-9972,no,10.9,3,2.94
359-9794,no,13.3,7,3.59
359-9454,no,7.8,3,2.11
359-9369,no,9.1,7,2.46
359-9223,no,10,3,2.7
359-8466,no,7.1,3,1.92
359-7788,no,10.4,6,2.81
359-7694,no,12.6,5,3.4
359-7648,no,9.9,1,2.67
359-7562,yes,9.7,4,2.62
359-7521,no,13.8,3,3.73
359-7426,no,7.3,3,1.97
359-7255,no,11.1,4,3
359-6995,no,10.4,6,2.81
359-6931,no,8.9,4,2.4
359-6232,no,12.3,5,3.32
359-6196,yes,9,5,2.43
359-6163,no,12.9,2,3.48
359-5893,no,11.4,4,3.08
359-5890,no,18.9,2,5.1
359-5731,no,12,5,3.24
359-5718,no,8,5,2.16
359-5461,no,9.5,2,2.57
359-5160,no,9.5,4,2.57
359-5091,no,8.6,6,2.32
359-4587,no,13.6,3,3.67
359-4336,no,11.5,2,3.11
359-4081,no,8.2,6,2.21
359-3833,no,10,6,2.7
359-3618,yes,10.1,4,2.73
359-3423,no,8.2,3,2.21
359-2915,no,13.1,4,3.54
359-2740,no,8.4,2,2.27
359-2197,no,9.4,10,2.54
359-1441,no,6.6,2,1.78
359-1231,no,11.8,7,3.19
358-9898,yes,7.8,3,2.11
358-9146,no,11,5,2.97
358-9095,no,13.9,4,3.75
358-8729,no,7.8,4,2.11
358-8025,no,12.3,1,3.32
358-7914,no,8.3,4,2.24
358-7379,no,9.7,3,2.62
358-7165,no,9.5,2,2.57
358-6796,no,10,3,2.7
358-6672,no,13.5,2,3.65
358-5953,no,13.1,5,3.54
358-5826,no,11.3,3,3.05
358-5721,no,10.8,6,2.92
358-5274,no,8.8,3,2.38
358-4576,yes,7.2,2,1.94
358-4412,no,12,4,3.24
358-4036,no,10.8,4,2.92
358-3692,no,18.3,6,4.94
358-3691,no,6.8,3,1.84
358-3604,no,9,7,2.43
358-3261,no,13.1,5,3.54
358-3114,no,11,5,2.97
358-2694,yes,10.9,7,2.94
358-2490,no,5.8,3,1.57
358-2046,no,11.6,3,3.13
358-1958,no,9.5,19,2.57
358-1922,no,11.1,6,3
358-1921,no,12.2,5,3.29
358-1912,no,12.5,4,3.38
358-1778,no,8.9,8,2.4
358-1346,yes,13.2,3,3.56
358-1329,no,12.9,4,3.48
358-1129,no,8.2,4,2.21
357-9832,no,12.9,10,3.48
357-9136,no,8.3,2,2.24
357-8515,no,10.5,3,2.84
357-7893,no,4.5,3,1.22
357-7875,no,7.3,5,1.97
357-7385,no,8.7,4,2.35
357-7064,no,10.5,2,2.84
357-7060,no,8,12,2.16
357-6348,no,9.2,4,2.48
357-6039,no,14.8,7,4
357-5995,yes,10.1,4,2.73
357-5801,no,11.9,5,3.21
357-5784,no,14.8,4,4
357-5696,no,10.3,15,2.78
357-4936,no,5.9,9,1.59
357-4573,no,9.8,5,2.65
357-4265,no,8.2,2,2.21
357-4078,no,9,9,2.43
357-3817,no,9.5,3,2.57
357-3709,no,6.5,9,1.76
357-3577,no,5.5,5,1.49
357-3187,no,11.1,5,3
357-2748,no,7.6,5,2.05
357-2735,no,12.9,3,3.48
357-2679,no,9.5,6,2.57
357-2429,no,13.4,9,3.62
357-2294,no,10.2,2,2.75
357-1938,yes,12.2,2,3.29
357-1909,yes,12.4,1,3.35
357-1700,yes,11,4,2.97
357-1085,no,13.6,6,3.67
356-9187,no,10.3,2,2.78
356-8982,no,4.6,4,1.24
356-8621,no,10,2,2.7
356-8449,no,9.6,3,2.59
356-7817,no,12.2,4,3.29
356-7580,no,9.7,2,2.62
356-7511,no,9.4,3,2.54
356-7239,no,15.9,2,4.29
356-7217,no,10.7,8,2.89
356-7208,no,10.6,4,2.86
356-5491,no,8,4,2.16
356-5475,no,9.4,1,2.54
356-5244,no,4.1,5,1.11
356-4832,no,8.4,5,2.27
356-4706,yes,10.6,3,2.86
356-4558,no,13.5,4,3.65
356-4146,no,10.7,5,2.89
356-4001,no,11.3,3,3.05
356-3646,no,7.5,6,2.03
356-3448,no,12.9,3,3.48
356-3403,no,9.2,7,2.48
356-3333,yes,8.3,3,2.24
356-2992,no,10,5,2.7
356-2302,no,15.3,3,4.13
356-2093,no,9.5,10,2.57
356-1952,no,6.4,5,1.73
356-1889,no,9.1,5,2.46
356-1654,no,6.3,3,1.7
356-1582,no,8.4,4,2.27
356-1567,no,7.1,12,1.92
356-1420,no,9.7,7,2.62
356-1358,no,7.8,2,2.11
356-1270,no,10.1,4,2.73
355-9993,no,7.5,7,2.03
355-9581,no,15.3,1,4.13
355-9541,no,15,7,4.05
355-9508,no,8.8,5,2.38
355-9475,no,11.5,6,3.11
355-9366,yes,13.3,3,3.59
355-9360,no,6.6,6,1.78
355-9356,no,9.4,5,2.54
355-9324,no,9.1,3,2.46
355-9295,no,9.4,6,2.54
355-8887,no,8.2,3,2.21
355-8299,no,10.8,12,2.92
355-7895,no,9.2,3,2.48
355-7705,yes,10.8,3,2.92
355-7293,yes,8.4,4,2.27
355-7251,no,12,8,3.24
355-6930,no,5.9,4,1.59
355-6837,no,9.4,4,2.54
355-6826,no,12.1,7,3.27
355-6560,yes,12.8,3,3.46
355-6531,yes,3.7,5,1
355-6422,no,13.3,3,3.59
355-6291,no,5.3,5,1.43
355-5922,no,5.8,5,1.57
355-5009,yes,9.5,5,2.57
355-4992,yes,5.9,4,1.59
355-4842,yes,10.5,6,2.84
355-4143,no,12,2,3.24
355-3814,no,10.5,6,2.84
355-3801,no,13.5,6,3.65
355-3620,no,5.1,3,1.38
355-3602,no,16.9,2,4.56
355-2909,no,6.1,5,1.65
355-2872,no,,,1.65
355-2840,no,15,6,4.05
355-2634,yes,13.6,2,3.67
355-2464,no,10.5,4,2.84
355-2293,no,6.8,1,1.84
355-1735,no,7,2,1.89
355-1113,no,9.6,9,2.59
355-1019,no,9.3,7,2.51
354-9492,no,10.9,5,2.94
354-9068,no,8,7,2.16
354-9062,no,7.7,2,2.08
354-8914,no,14.4,8,3.89
354-8491,no,8.9,6,2.4
354-8191,no,8.1,1,2.19
354-8088,no,11.3,2,3.05
354-7820,no,10.1,4,2.73
354-7718,no,12.3,2,3.32
354-7397,no,8.8,4,2.38
354-7339,no,9.2,2,2.48
354-7314,no,14.8,8,4
354-7201,no,8.3,5,2.24
354-7077,no,13.3,3,3.59
354-7025,no,8.4,3,2.27
354-6960,no,10.4,3,2.81
354-6942,no,9.8,5,2.65
354-6810,no,9,4,2.43
354-6183,no,7.7,6,2.08
354-5764,no,8.6,18,2.32
354-5689,no,9,3,2.43
354-5058,yes,12.9,3,3.48
354-4752,no,8.9,4,2.4
354-4577,no,13.2,2,3.56
354-4568,no,10.6,2,2.86
354-4448,no,8.7,3,2.35
354-4445,no,12,3,3.24
354-4352,no,13.2,4,3.56
354-4333,no,7.1,5,1.92
354-3783,no,10.5,6,2.84
354-3545,no,10.3,2,2.78
354-3436,no,10.1,7,2.73
354-3237,no,11.9,3,3.21
354-3040,no,9.2,4,2.48
354-2985,no,11.5,6,3.11
354-2762,no,14.4,2,3.89
354-2434,no,8,11,2.16
354-2189,yes,8.2,9,2.21
354-1558,no,16.1,5,4.35
353-9998,no,13.3,3,3.59
353-9339,no,15.1,6,4.08
353-8970,no,8.9,2,2.4
353-8928,no,11.8,4,3.19
353-8849,no,9,3,2.43
353-8363,no,11.5,3,3.11
353-7822,no,14.9,3,4.02
353-7730,no,8.2,5,2.21
353-7461,no,14.7,2,3.97
353-7407,no,12.1,8,3.27
353-7292,yes,13.8,7,3.73
353-7289,no,10,4,2.7
353-7096,no,7.8,5,2.11
353-6870,no,10.9,2,2.94
353-6482,no,6.1,1,1.65
353-6300,no,10.8,1,2.92
353-6218,no,11.2,5,3.02
353-6056,no,12.6,2,3.4
353-6038,yes,10.7,5,2.89
353-6007,no,7.4,2,2
353-5714,no,13.9,4,3.75
353-5557,no,13.5,3,3.65
353-5257,no,12.9,1,3.48
353-4880,no,5.1,7,1.38
353-4296,no,10.1,3,2.73
353-4002,no,8.8,1,2.38
353-3994,no,11,3,2.97
353-3759,no,9.7,3,2.62
353-3492,no,9.4,4,2.54
353-3372,no,7.9,1,2.13
353-3351,no,8.5,5,2.3
353-3305,no,10,5,2.7
353-3285,no,11.7,3,3.16
353-3223,no,13.4,4,3.62
353-3203,no,10.1,5,2.73
353-3061,no,8.5,5,2.3
353-2763,no,9.8,2,2.65
353-2630,no,6.3,6,1.7
353-2557,no,9.6,6,2.59
353-2450,no,11.3,4,3.05
353-2391,no,11.9,4,3.21
353-2080,no,15.6,16,4.21
353-1954,no,9.4,6,2.54
353-1941,no,13.3,2,3.59
353-1352,no,12.4,9,3.35
352-9947,no,15.2,6,4.1
352-9836,no,14.8,9,4
352-9130,yes,12.3,7,3.32
352-9050,no,10.1,5,2.73
352-9017,no,9.4,3,2.54
352-8508,no,8.8,5,2.38
352-8327,yes,13.6,3,3.67
352-8305,no,6.2,5,1.67
352-8249,no,13.4,5,3.62
352-8202,no,14.5,4,3.92
352-7915,no,10.2,5,2.75
352-7752,yes,11.4,1,3.08
352-7413,no,13.3,2,3.59
352-7234,no,6.1,3,1.65
352-7072,no,13.1,7,3.54
352-6976,no,5.3,3,1.43
352-6833,no,9.7,7,2.62
352-6732,no,11.6,5,3.13
352-6573,no,13.5,3,3.65
352-6282,no,12.6,4,3.4
352-6265,no,6.1,6,1.65
352-6084,no,5.6,2,1.51
352-6068,no,14.5,4,3.92
352-5815,no,12.6,5,3.4
352-5787,yes,14.2,4,3.83
352-5750,no,8.9,7,2.4
352-5697,no,12.9,4,3.48
352-5663,no,6.8,3,1.84
352-5542,no,10.6,7,2.86
352-5466,no,5.8,3,1.57
352-5393,no,7.5,3,2.03
352-5118,yes,8.7,5,2.35
352-5081,no,10.6,4,2.86
352-5000,no,11.4,5,3.08
352-4541,no,10.1,9,2.73
352-4534,no,7.1,6,1.92
352-4418,no,8.7,3,2.35
352-4401,no,14.3,9,3.86
352-4221,no,13.5,2,3.65
352-4182,no,6.6,2,1.78
352-3440,no,9.1,2,2.46
352-2998,no,11.7,4,3.16
352-2270,no,13.1,8,3.54
352-2175,no,15.8,7,4.27
352-1798,no,9.9,9,2.67
352-1237,no,3.5,3,0.95
352-1127,no,10.9,4,2.94
351-9604,no,9.3,11,2.51
351-9537,no,9,6,2.43
351-9037,no,10.5,6,2.84
351-8955,no,8.5,3,2.3
351-8894,no,10.3,5,2.78
351-8398,no,10.9,7,2.94
351-7807,no,13.7,6,3.7
351-7369,no,14.2,2,3.83
351-7309,yes,7.2,3,1.94
351-7269,no,5.4,9,1.46
351-7016,no,6,3,1.62
351-7005,no,7.5,5,2.03
351-6585,no,11,3,2.97
351-6574,no,11.8,3,3.19
351-6552,no,11.2,3,3.02
351-6384,no,13.8,4,3.73
351-6366,no,12.4,2,3.35
351-5576,no,7.5,2,2.03
351-4616,no,9.6,4,2.59
351-4288,no,4.8,4,1.3
351-4226,no,14.7,3,3.97
351-4025,yes,7.9,1,2.13
351-3316,yes,2.1,4,0.57
351-3169,no,10.8,5,2.92
351-2928,yes,10.4,3,2.81
351-2815,no,7.5,4,2.03
351-2773,no,13.8,3,3.73
351-2589,no,6,3,1.62
351-2587,no,11.3,6,3.05
351-2535,no,10.4,6,2.81
351-1894,no,7.4,5,2
351-1466,no,12.5,4,3.38
351-1389,yes,9,3,2.43
351-1382,no,15.7,5,4.24
351-1007,no,7.6,7,2.05
350-9994,no,10.2,2,2.75
350-9720,no,13.2,6,3.56
350-9318,no,11.2,4,3.02
350-9313,no,11.2,2,3.02
350-9228,no,14,6,3.78
350-8921,no,6.1,2,1.65
350-8884,no,13.8,4,3.73
350-8680,no,14,6,3.78
350-7344,no,9.7,4,2.62
350-7306,no,12.3,2,3.32
350-7288,no,8.9,5,2.4
350-7273,no,14.2,6,3.83
350-7227,no,8.6,5,2.32
350-7114,no,11.3,3,3.05
350-6759,no,9.5,5,2.57
350-6639,no,14,7,3.78
350-6473,no,5,3,1.35
350-5993,no,8.9,5,2.4
350-5883,no,9.9,3,2.67
350-4820,no,10,2,2.7
350-4367,no,8.9,2,2.4
350-4297,no,9.5,3,2.57
350-2832,no,8.8,8,2.38
350-2565,no,7.7,6,2.08
350-2384,no,11.7,6,3.16
350-2340,no,5,3,1.35
350-2250,yes,10.3,7,2.78
350-2075,no,11.8,4,3.19
350-2012,no,10.3,2,2.78
350-1639,yes,8.4,3,2.27
350-1532,no,2,7,0.54
350-1422,no,13.1,3,3.54
350-1354,no,4.6,4,1.24
350-1126,no,10.4,1,2.81
350-1040,no,18,3,4.86
349-9566,no,13.7,6,3.7
349-9060,no,10.9,2,2.94
349-8391,yes,12.5,3,3.38
349-7362,no,10.3,5,2.78
349-7291,no,13.1,8,3.54
349-7282,no,4.9,2,1.32
349-7138,no,11.5,1,3.11
349-6567,no,13.3,3,3.59
349-6464,no,8.6,4,2.32
349-5617,no,10.9,3,2.94
349-4979,no,11.5,6,3.11
349-4762,no,9.9,6,2.67
349-4703,no,6.6,3,1.78
349-4397,no,11.5,4,3.11
349-4396,no,11.4,6,3.08
349-4369,yes,10.3,3,2.78
349-4070,no,9.7,1,2.62
349-3843,yes,11.7,6,3.16
349-3732,no,6.3,3,1.7
349-3112,no,10.1,2,2.73
349-3005,no,8.7,2,2.35
349-2808,no,9.5,3,2.57
349-2654,no,11.9,8,3.21
349-2157,no,8.9,8,2.4
349-1943,no,9.2,4,2.48
349-1756,no,11,5,2.97
349-1726,no,9.3,5,2.51
349-1687,no,11.8,4,3.19
348-9945,no,7.7,3,2.08
348-9938,yes,8.4,5,2.27
348-9828,no,11.8,7,3.19
348-9383,yes,12.2,4,3.29
348-9145,no,0,0,0
348-8711,no,14.9,3,4.02
348-8679,no,7.1,9,1.92
348-8464,no,9.1,9,2.46
348-8022,no,7.1,4,1.92
348-8015,yes,4.1,2,1.11
348-7556,no,9.1,4,2.46
348-7484,no,12,4,3.24
348-7448,no,12,5,3.24
348-7437,no,14.7,4,3.97
348-7409,no,9.2,5,2.48
348-7224,no,11.1,4,3
348-7193,no,5.6,9,1.51
348-7071,no,8.8,5,2.38
348-6853,no,11.5,5,3.11
348-6720,no,12.7,2,3.43
348-6659,no,11.3,3,3.05
348-6057,no,8.5,6,2.3
348-6008,no,9.8,3,2.65
348-5767,no,11.3,7,3.05
348-5728,no,10.5,3,2.84
348-5725,no,7.3,4,1.97
348-5569,no,10.3,3,2.78
348-5567,yes,7.4,4,2
348-5038,no,9.9,2,2.67
348-4961,no,13.3,3,3.59
348-4660,yes,11.4,2,3.08
348-4316,no,7.8,2,2.11
348-3830,no,11.8,5,3.19
348-3777,no,9.4,4,2.54
348-3581,no,12.6,2,3.4
348-3444,no,11.4,4,3.08
348-3338,no,11.5,4,3.11
348-2916,no,8.6,2,2.32
348-2150,no,11.6,5,3.13
348-2009,no,10.5,4,2.84
348-1706,no,12.9,1,3.48
348-1592,no,10.6,2,2.86
348-1528,no,9,3,2.43
348-1359,no,10.2,5,2.75
348-1163,yes,11.8,8,3.19
347-9995,no,11.3,3,3.05
347-9968,no,7.2,7,1.94
347-9769,no,11.1,9,3
347-9738,no,11.5,7,3.11
347-9737,no,5.1,4,1.38
347-9421,no,12.9,1,3.48
347-8659,no,13.4,2,3.62
347-8205,no,12,8,3.24
347-7898,no,8.2,4,2.21
347-7773,no,6.4,7,1.73
347-7741,no,14.6,5,3.94
347-7675,no,14.7,2,3.97
347-7420,no,6.6,8,1.78
347-6994,no,13,7,3.51
347-6812,no,14.9,7,4.02
347-6717,no,6.7,2,1.81
347-6393,no,6.6,3,1.78
347-6164,no,13,1,3.51
347-5843,yes,12.4,4,3.35
347-5354,yes,9.1,3,2.46
347-5113,no,11.1,4,3
347-5063,no,13,3,3.51
347-4982,no,6.4,3,1.73
347-4626,no,13,4,3.51
347-4112,no,12.8,4,3.46
347-3958,no,13.8,4,3.73
347-3895,no,12.1,4,3.27
347-3821,no,10.8,6,2.92
347-3406,no,13.2,5,3.56
347-2951,yes,10.1,3,2.73
347-2378,no,8.5,3,2.3
347-2016,no,10.3,4,2.78
347-1914,no,13.3,13,3.59
347-1870,no,9.3,3,2.51
347-1814,no,11,6,2.97
347-1640,yes,10.5,5,2.84
347-1473,no,10.2,11,2.75
347-1263,no,9.6,9,2.59
346-9317,no,11.9,1,3.21
346-8863,no,10,3,2.7
346-8581,no,10.7,7,2.89
346-8368,no,10.8,4,2.92
346-8362,yes,11.1,3,3
346-8112,no,8.4,2,2.27
346-7795,yes,11.9,11,3.21
346-7656,no,11.9,3,3.21
346-7302,no,10.9,9,2.94
346-6941,no,10.1,6,2.73
346-6352,no,5.9,4,1.59
346-5992,no,15.8,3,4.27
346-5707,no,11.6,6,3.13
346-5611,no,9.1,8,2.46
346-5349,no,8.3,8,2.24
346-5287,no,11,5,2.97
346-5068,no,14.4,2,3.89
346-5053,no,11.8,7,3.19
346-5036,no,8.5,4,2.3
346-4984,no,14,3,3.78
346-4919,no,10.7,1,2.89
346-4360,no,4.2,9,1.13
346-4216,no,9.6,2,2.59
346-3445,no,13.8,8,3.73
346-2530,no,8.5,5,2.3
346-2359,no,12.4,3,3.35
346-2347,no,10.2,4,2.75
346-2020,yes,9.8,1,2.65
346-1629,yes,7.3,2,1.97
346-1095,no,13.2,2,3.56
345-9690,no,9.5,4,2.57
345-9598,no,10.3,4,2.78
345-9168,no,9.4,5,2.54
345-9153,no,8.6,3,2.32
345-9140,yes,13.3,9,3.59
345-9018,no,11.2,5,3.02
345-8433,no,11.2,2,3.02
345-8397,no,10.5,2,2.84
345-8350,no,7.1,4,1.92
345-8237,no,11.2,8,3.02
345-7900,no,11.2,3,3.02
345-7117,no,9.8,5,2.65
345-7014,no,13.2,4,3.56
345-6961,yes,13.2,5,3.56
345-6515,no,8.4,3,2.27
345-6043,no,9.1,8,2.46
345-5980,yes,10.6,6,2.86
345-5639,no,11.1,2,3
345-5338,no,7.5,15,2.03
345-5089,no,11.2,5,3.02
345-4589,no,13.5,4,3.65
345-4551,no,8.6,6,2.32
345-4473,no,11,4,2.97
345-3947,no,8.9,8,2.4
345-3934,no,8.9,6,2.4
345-3787,no,10.8,3,2.92
345-3734,no,11.1,2,3
345-3614,no,10,3,2.7
345-3451,no,9.5,6,2.57
345-2931,no,6.8,4,1.84
345-2863,no,10,5,2.7
345-2476,no,5.6,5,1.51
345-2448,no,6.6,5,1.78
345-2401,no,9.6,5,2.59
345-2319,no,10.7,6,2.89
345-2108,no,3.8,4,1.03
345-1998,no,0,0,0
345-1994,no,11.7,2,3.16
345-1524,no,13.5,11,3.65
345-1419,no,9.2,3,2.48
345-1243,no,12.9,1,3.48
344-9966,no,10.9,5,2.94
344-9943,no,11.2,9,3.02
344-9620,no,6.9,3,1.86
344-9403,no,9.1,5,2.46
344-9347,no,8.5,6,2.3
344-9302,no,3.3,5,0.89
344-8498,no,12.2,2,3.29
344-7470,no,9,4,2.43
344-7197,no,15.4,4,4.16
344-6935,no,9.1,2,2.46
344-6847,yes,11.4,3,3.08
344-6495,no,7.7,3,2.08
344-6404,no,10.5,4,2.84
344-6334,no,11.6,1,3.13
344-6258,no,7.8,10,2.11
344-5973,yes,13,6,3.51
344-5967,no,12.3,6,3.32
344-5766,yes,10.5,5,2.84
344-5206,no,12.6,4,3.4
344-5181,no,9,1,2.43
344-5117,no,14.6,3,3.94
344-4970,no,12,7,3.24
344-4691,no,13,2,3.51
344-4478,no,12.5,6,3.38
344-4022,no,2.6,6,0.7
344-3466,no,12.8,4,3.46
344-3388,no,13.7,8,3.7
344-3160,yes,15.4,4,4.16
344-3145,no,12,5,3.24
344-3131,no,13.1,8,3.54
344-2416,no,11.4,2,3.08
344-2260,no,10.6,2,2.86
344-1970,no,12.8,4,3.46
344-1362,no,5.5,7,1.49
344-1136,yes,7.4,2,2
343-9946,no,7.2,3,1.94
343-9658,no,6.8,7,1.84
343-9654,no,12.2,2,3.29
343-9645,no,7,3,1.89
343-9365,no,9.2,5,2.48
343-7734,yes,9.9,3,2.67
343-7242,no,6.8,3,1.84
343-7019,yes,9.5,2,2.57
343-6940,no,9.1,1,2.46
343-6643,no,10.1,5,2.73
343-6374,yes,11.3,4,3.05
343-6314,no,12.2,4,3.29
343-5709,no,10.1,9,2.73
343-5679,no,12.4,6,3.35
343-5372,no,7.1,7,1.92
343-5347,no,5.9,6,1.59
343-5219,yes,12.9,2,3.48
343-4806,no,10.4,5,2.81
343-3356,no,12.4,8,3.35
343-3340,no,14.4,4,3.89
343-3296,no,10.6,2,2.86
343-3227,no,9.5,4,2.57
343-2741,no,5.7,7,1.54
343-2689,no,10.1,3,2.73
343-2605,no,9.8,3,2.65
343-2597,no,15,2,4.05
343-2592,no,8.9,5,2.4
343-2465,no,13,4,3.51
343-2392,no,10.3,4,2.78
343-2350,no,8.5,3,2.3
343-2095,no,4.4,2,1.19
343-2077,no,6.6,5,1.78
343-1965,yes,9.7,4,2.62
343-1538,no,15.1,3,4.08
343-1458,no,11.1,7,3
343-1347,no,10.2,2,2.75
343-1323,no,6,3,1.62
343-1009,no,8.3,2,2.24
342-9480,no,12.1,5,3.27
342-9394,no,10,8,2.7
342-8702,no,13.4,4,3.62
342-8348,no,10.2,2,2.75
342-8320,no,16.4,3,4.43
342-8167,no,10.7,2,2.89
342-8002,yes,12,6,3.24
342-7716,no,11.6,2,3.13
342-7514,no,10.7,1,2.89
342-6696,no,7.2,5,1.94
342-6316,no,12,4,3.24
342-5906,no,10.7,2,2.89
342-5854,no,12.5,5,3.38
342-5701,no,13.2,4,3.56
342-5243,no,7.4,7,2
342-5062,no,11.9,8,3.21
342-4122,no,13.9,1,3.75
342-4004,no,10.1,2,2.73
342-3678,yes,9.4,4,2.54
342-2013,yes,6.4,7,1.73
342-1960,no,9.6,6,2.59
342-1702,no,14.4,1,3.89
342-1099,no,14.5,8,3.92
342-1004,no,13.9,2,3.75
341-9907,no,5.1,5,1.38
341-9890,yes,13.8,3,3.73
341-9764,no,14.5,6,3.92
341-9443,no,8.5,3,2.3
341-9396,no,7.2,2,1.94
341-9274,no,13.7,5,3.7
341-8719,no,12.9,7,3.48
341-8667,no,10.8,3,2.92
341-8467,no,9.4,4,2.54
341-8412,no,15.2,4,4.1
341-7686,no,13.7,3,3.7
341-7412,no,10.4,2,2.81
341-7332,no,8.4,11,2.27
341-7296,no,13.3,5,3.59
341-7279,no,11.8,2,3.19
341-7112,no,14,2,3.78
341-6743,no,11.6,5,3.13
341-5892,no,8.9,3,2.4
341-4873,no,11.7,2,3.16
341-4570,no,11.4,4,3.08
341-4463,yes,8.8,6,2.38
341-4103,no,10.5,5,2.84
341-4075,no,13.1,4,3.54
341-3663,no,8.7,3,2.35
341-3464,no,11.4,2,3.08
341-3349,no,11.9,5,3.21
341-3270,no,8.2,8,2.21
341-3180,no,6.5,4,1.76
341-3044,no,11.8,4,3.19
341-2603,yes,8.1,13,2.19
341-2360,no,12.3,5,3.32
341-1916,no,13.1,3,3.54
341-1647,no,6.3,3,1.7
341-1594,no,6.1,3,1.65
341-1412,no,10.6,8,2.86
341-1191,no,5.7,3,1.54
340-9910,no,0,0,0
340-9803,no,8.1,5,2.19
340-9449,yes,12,4,3.24
340-9200,no,6,7,1.62
340-9013,no,12.3,4,3.32
340-8875,yes,11,9,2.97
340-8323,no,10.7,14,2.89
340-8291,no,10.3,8,2.78
340-8245,no,9.9,2,2.67
340-8177,no,3.8,9,1.03
340-7062,no,12.6,8,3.4
340-6908,yes,13.5,9,3.65
340-6339,no,5.6,4,1.51
340-6221,no,6.4,3,1.73
340-5930,no,7.7,3,2.08
340-5678,no,6.6,4,1.78
340-5580,no,8.8,3,2.38
340-5460,no,11.8,9,3.19
340-5121,no,8,2,2.16
340-4989,no,6.9,4,1.86
340-4972,yes,15.6,6,4.21
340-4953,no,7.9,9,2.13
340-4627,no,10.6,5,2.86
340-4236,no,10.1,5,2.73
340-4028,no,12.9,12,3.48
340-3500,no,9.6,3,2.59
340-3409,no,8.2,13,2.21
340-3182,no,11.5,3,3.11
340-3075,no,8,5,2.16
340-3011,no,10.7,2,2.89
340-2855,yes,9.2,6,2.48
340-2239,no,10.1,2,2.73
340-1876,no,9.3,8,2.51
339-9798,yes,12.5,8,3.38
339-9631,no,10,3,2.7
339-9453,no,12.1,2,3.27
339-9026,no,11.4,2,3.08
339-8132,no,6.7,6,1.81
339-7684,no,7.7,2,2.08
339-7602,no,6.7,8,1.81
339-7541,no,8.3,5,2.24
339-7485,yes,11.7,4,3.16
339-7139,no,7.8,4,2.11
339-6968,no,10.1,4,2.73
339-6637,yes,8.8,3,2.38
339-6477,no,16.4,5,4.43
339-6446,no,14,7,3.78
339-5659,no,7.1,8,1.92
339-5423,no,8.5,4,2.3
339-5329,no,10.6,6,2.86
339-4636,no,11.1,3,3
339-4317,no,11.9,3,3.21
339-4068,no,10.6,6,2.86
339-3636,no,15.5,2,4.19
339-3049,no,6.5,2,1.76
339-2792,no,6.4,3,1.73
339-2734,no,14.4,3,3.89
339-2616,no,9.8,2,2.65
339-1405,no,7.7,6,2.08
339-1330,no,13.7,8,3.7
338-9952,yes,12.2,4,3.29
338-9950,no,11.1,5,3
338-9873,no,4.6,2,1.24
338-9612,no,10.3,2,2.78
338-9472,no,7.8,1,2.11
338-9398,no,13.2,2,3.56
338-9210,no,9.5,8,2.57
338-9171,no,14,6,3.78
338-9044,no,7,5,1.89
338-8784,no,7.7,3,2.08
338-8566,no,10.7,7,2.89
338-8478,no,7.9,2,2.13
338-8050,no,13.8,1,3.73
338-7955,no,11.9,6,3.21
338-7886,no,11,9,2.97
338-7709,no,9.4,5,2.54
338-7683,no,10,2,2.7
338-7527,no,8.2,2,2.21
338-7305,no,9.9,7,2.67
338-7232,no,10.9,9,2.94
338-7120,no,12.1,3,3.27
338-6981,no,9.1,3,2.46
338-6962,no,14.1,3,3.81
338-6714,yes,10.3,9,2.78
338-6556,no,13.5,4,3.65
338-6550,no,10.3,3,2.78
338-6283,no,12.4,5,3.35
338-6018,yes,14.4,7,3.89
338-5207,no,12.3,2,3.32
338-4472,no,7.7,5,2.08
338-4307,no,11.7,4,3.16
338-4065,no,7.5,3,2.03
338-3781,no,13.1,5,3.54
338-1840,no,8.8,5,2.38
338-1815,no,15.1,5,4.08
338-1724,no,10.7,8,2.89
338-1400,no,17,1,4.59
338-1027,yes,12.3,2,3.32
337-9878,no,14.5,4,3.92
337-9710,no,7.8,4,2.11
337-9569,no,12.2,2,3.29
337-9345,no,11.5,6,3.11
337-9326,no,11.7,6,3.16
337-9303,no,13,1,3.51
337-8950,no,12.8,4,3.46
337-8618,no,9.5,3,2.57
337-8078,no,14.7,9,3.97
337-7879,no,3.8,4,1.03
337-7739,no,11.9,3,3.21
337-7501,no,13,3,3.51
337-7377,no,5.8,7,1.57
337-7167,no,4.5,4,1.22
337-7163,no,4,7,1.08
337-6898,no,5.9,2,1.59
337-6851,no,12.9,5,3.48
337-4749,no,8.5,7,2.3
337-4697,no,12.6,2,3.4
337-4600,no,8.4,4,2.27
337-4403,no,11.8,5,3.19
337-4339,no,6.5,7,1.76
337-4101,no,12.9,2,3.48
337-3932,no,9.6,4,2.59
337-3868,no,12.2,3,3.29
337-3769,no,16.5,5,4.46
337-3740,no,14.9,2,4.02
337-2986,no,4.2,14,1.13
337-2442,yes,12.4,3,3.35
337-2348,no,9.6,3,2.59
337-1802,no,6.9,5,1.86
337-1586,no,10.2,2,2.75
337-1506,no,6.7,2,1.81
337-1225,no,11.5,3,3.11
337-1151,no,10.9,1,2.94
337-1100,no,12.6,7,3.4
336-9901,no,9.4,7,2.54
336-9390,no,7.2,4,1.94
336-9327,no,12.7,4,3.43
336-9273,no,9,2,2.43
336-9053,no,11.6,7,3.13
336-8343,no,12.6,4,3.4
336-8010,no,12.9,3,3.48
336-7696,no,11.6,2,3.13
336-7600,no,7.5,6,2.03
336-7357,no,9,4,2.43
336-7155,yes,10.8,7,2.92
336-7143,no,16.3,6,4.4
336-6997,no,10.7,3,2.89
336-6907,no,11,5,2.97
336-6533,no,6.6,5,1.78
336-6128,no,14.2,3,3.83
336-6085,no,15.6,7,4.21
336-5920,no,11.9,2,3.21
336-5900,no,9.2,6,2.48
336-5702,no,11.6,4,3.13
336-5661,no,9.8,4,2.65
336-5616,no,7.1,2,1.92
336-5495,no,13.4,1,3.62
336-5406,no,14.6,2,3.94
336-4960,no,8,5,2.16
336-4656,no,9.1,4,2.46
336-4281,no,10.3,9,2.78
336-3819,no,11.4,3,3.08
336-3738,no,10.2,6,2.75
336-3488,no,6.3,4,1.7
336-2829,no,10,5,2.7
336-2322,no,10.2,11,2.75
336-2190,no,11.2,6,3.02
336-2090,no,12.4,4,3.35
336-1880,no,12.2,3,3.29
336-1749,no,12,4,3.24
336-1574,no,10.9,7,2.94
336-1462,no,10.2,2,2.75
336-1353,no,9.4,2,2.54
336-1090,no,10.2,6,2.75
336-1043,no,3.7,2,1
335-9786,no,11.8,2,3.19
335-9726,no,9.9,3,2.67
335-9501,no,9,3,2.43
335-9066,no,8.7,6,2.35
335-8836,no,8.3,2,2.24
335-8427,no,11.9,5,3.21
335-8146,no,7.6,7,2.05
335-7324,yes,13.9,20,3.75
335-7257,no,12.7,3,3.43
335-7144,no,14.3,3,3.86
335-6832,no,8.9,5,2.4
335-6508,no,7.5,4,2.03
335-5882,no,14.1,5,3.81
335-5806,no,4.9,3,1.32
335-5591,no,7,2,1.89
335-4888,no,10.1,8,2.73
335-4858,no,9.1,3,2.46
335-4719,no,8.7,4,2.35
335-4584,no,6.1,3,1.65
335-4414,no,6.3,4,1.7
335-3913,no,14.5,3,3.92
335-3880,no,10.9,9,2.94
335-3681,no,16.4,3,4.43
335-3320,no,7.9,1,2.13
335-3133,no,8.3,6,2.24
335-3110,no,9.1,2,2.46
335-2967,no,11.7,4,3.16
335-2331,no,13.1,3,3.54
335-2274,no,6.6,1,1.78
335-2261,no,17.8,3,4.81
335-2019,no,7.4,5,2
335-1874,no,9.4,4,2.54
335-1838,no,9.7,3,2.62
335-1697,no,9.4,3,2.54
334-9818,no,12.6,9,3.4
334-9806,no,12.4,12,3.35
334-9505,no,10.5,5,2.84
334-9182,no,12.9,7,3.48
334-9163,yes,11.4,5,3.08
334-8967,no,9.7,13,2.62
334-8817,no,12.7,3,3.43
334-8694,no,8.8,5,2.38
334-7685,no,10.8,2,2.92
334-7618,no,10.9,10,2.94
334-7443,no,14,6,3.78
334-6605,no,11.5,1,3.11
334-6519,no,7.7,2,2.08
334-6142,no,11.3,3,3.05
334-6129,yes,11.9,2,3.21
334-5844,no,11.2,2,3.02
334-5634,no,12.6,3,3.4
334-5337,no,11.6,7,3.13
334-5263,no,11.4,5,3.08
334-5223,no,10.1,3,2.73
334-5029,no,6.9,6,1.86
334-4678,no,7.1,3,1.92
334-4506,no,8.5,3,2.3
334-4438,no,14.2,5,3.83
334-4354,no,7.5,4,2.03
334-3289,no,9.9,6,2.67
334-3142,no,15.1,4,4.08
334-2961,yes,11.2,3,3.02
334-2800,no,4.3,6,1.16
334-2730,no,15.4,1,4.16
334-2729,no,7.9,4,2.13
334-2577,no,11.8,4,3.19
334-1872,no,9.1,3,2.46
334-1508,no,9.2,4,2.48
334-1339,no,10.1,10,2.73
334-1337,no,7.3,9,1.97
334-1311,no,7.1,5,1.92
334-1275,no,8.9,4,2.4
333-9826,no,10.7,2,2.89
333-9728,no,15,1,4.05
333-9664,no,7.9,5,2.13
333-9643,no,10,5,2.7
333-9511,no,8,3,2.16
333-9266,no,6.8,2,1.84
333-9253,no,7.5,3,2.03
333-9133,no,11.5,3,3.11
333-9002,no,15.5,3,4.19
333-8996,no,6.5,3,1.76
333-8954,no,11.7,8,3.16
333-8822,no,5.9,4,1.59
333-8180,no,11.5,4,3.11
333-7961,no,2.2,4,0.59
333-7869,no,10,4,2.7
333-7749,no,7.2,8,1.94
333-7637,no,12.2,3,3.29
333-7631,no,6.7,8,1.81
333-7460,no,10.8,7,2.92
333-7449,no,10.6,6,2.86
333-7225,no,14,6,3.78
333-6575,no,11.8,4,3.19
333-6296,no,9.8,3,2.65
333-5729,no,11.6,2,3.13
333-5609,no,10.7,3,2.89
333-5551,no,9.8,5,2.65
333-5430,no,12,1,3.24
333-5295,no,8.7,4,2.35
333-5101,no,7.7,3,2.08
333-4594,no,6.4,6,1.73
333-4492,no,8.4,2,2.27
333-4154,no,6.8,4,1.84
333-3704,no,7.2,8,1.94
333-3595,no,8.5,6,2.3
333-3531,no,9.2,4,2.48
333-3460,no,16.5,7,4.46
333-3447,no,13,5,3.51
333-3421,no,11.7,4,3.16
333-3221,no,10.8,13,2.92
333-3010,no,8,2,2.16
333-2964,no,9.6,5,2.59
333-2906,no,11.2,7,3.02
333-2611,no,7,7,1.89
333-2337,no,15.2,5,4.1
333-1967,no,15,2,4.05
333-1012,no,10.8,7,2.92
332-9896,no,12.3,3,3.32
332-9891,no,11.1,9,3
332-9525,no,10.7,4,2.89
332-9460,yes,5.7,4,1.54
332-9446,no,12.9,1,3.48
332-9118,no,9.5,3,2.57
332-8764,no,9.2,5,2.48
332-8160,no,12.6,3,3.4
332-8103,no,9.6,2,2.59
332-7607,no,8.5,2,2.3
332-7391,no,14.4,6,3.89
332-6958,no,12.7,7,3.43
332-6934,no,9.7,8,2.62
332-6633,no,10.8,6,2.92
332-6181,no,10.4,6,2.81
332-6139,yes,4.3,2,1.16
332-5964,no,9.2,3,2.48
332-5949,no,13.4,5,3.62
332-5820,no,16.1,3,4.35
332-5596,no,10.7,3,2.89
332-5582,no,13,7,3.51
332-5521,no,8.5,5,2.3
332-5084,no,10.5,2,2.84
332-4291,no,6.6,5,1.78
332-4289,no,11.3,4,3.05
332-3804,no,13.2,3,3.56
332-3693,no,7.5,5,2.03
332-3642,no,11.3,2,3.05
332-3617,no,10.5,7,2.84
332-3544,no,12.9,4,3.48
332-3381,no,9.8,10,2.65
332-2965,no,10.6,3,2.86
332-2889,no,10.5,6,2.84
332-2650,no,12,3,3.24
332-2462,no,12.4,3,3.35
332-2275,no,14.9,4,4.02
332-2258,no,13.3,4,3.59
332-2137,no,13.1,5,3.54
332-2126,no,9,10,2.43
332-1690,no,9.4,4,2.54
332-1502,no,12.7,2,3.43
332-1494,no,11.6,9,3.13
332-1109,no,10.3,3,2.78
332-1060,no,8.6,3,2.32
331-9861,no,15.9,5,4.29
331-9293,no,8.1,4,2.19
331-9149,no,9.8,1,2.65
331-8909,no,11.4,4,3.08
331-8713,no,12.6,3,3.4
331-8484,no,9.5,1,2.57
331-8462,no,9.7,4,2.62
331-7425,yes,12.6,5,3.4
331-7342,no,9.7,2,2.62
331-6629,yes,9.4,9,2.54
331-6270,no,5.3,5,1.43
331-6229,no,8,13,2.16
331-5999,no,16.4,5,4.43
331-5962,no,8.8,2,2.38
331-5919,no,14.3,4,3.86
331-5138,no,9.5,5,2.57
331-4902,no,9.5,4,2.57
331-4807,no,7.6,5,2.05
331-4184,no,10.6,6,2.86
331-3842,no,12.5,10,3.38
331-3698,no,15.5,5,4.19
331-3202,no,9.8,14,2.65
331-3174,no,9.1,4,2.46
331-2144,no,8.1,9,2.19
331-1391,no,10,3,2.7
330-9833,no,12.5,3,3.38
330-9354,no,8.9,6,2.4
330-9294,no,10.6,4,2.86
330-8351,yes,11.1,6,3
330-8173,yes,11.2,5,3.02
330-8142,no,13,4,3.51
330-7754,yes,16.7,3,4.51
330-7486,no,9.2,3,2.48
330-7483,no,6.2,3,1.67
330-7137,yes,13.8,5,3.73
330-6630,no,7.9,3,2.13
330-6626,yes,10.1,3,2.73
330-6436,no,13.6,14,3.67
330-6208,no,11.1,3,3
330-6165,no,5.6,5,1.51
330-5824,yes,10.9,3,2.94
330-5462,no,7.9,3,2.13
330-5255,no,13,6,3.51
330-5168,no,8.2,5,2.21
330-4978,no,5.8,1,1.57
330-4914,no,11.4,2,3.08
330-4419,no,12.1,6,3.27
330-4364,no,6,1,1.62
330-3589,no,10.2,5,2.75
330-3429,no,9.7,6,2.62
330-3008,no,12.1,3,3.27
330-2881,no,11.3,2,3.05
330-2849,no,5.9,3,1.59
330-2693,yes,10.7,4,2.89
330-2662,no,14.4,7,3.89
330-2635,yes,6.4,1,1.73
330-1835,no,11.9,4,3.21
330-1627,no,10.2,7,2.75
330-1175,no,9.9,4,2.67
329-9847,yes,9.3,4,2.51
329-9689,yes,12,8,3.24
329-9667,yes,9.9,1,2.67
329-9517,no,7.7,4,2.08
329-9364,no,10.9,3,2.94
329-9067,no,11.6,4,3.13
329-9046,no,9.9,6,2.67
329-9001,yes,7.1,6,1.92
329-8788,no,16.2,2,4.37
329-8669,no,7.7,4,2.08
329-8638,no,6.4,12,1.73
329-8436,no,13.2,4,3.56
329-8115,no,11.3,7,3.05
329-8056,no,7.4,3,2
329-7347,no,11.2,3,3.02
329-7102,no,9.9,2,2.67
329-6731,no,12.9,5,3.48
329-6603,no,12.7,6,3.43
329-6562,no,11.2,7,3.02
329-6192,no,8.5,7,2.3
329-6191,no,7.3,1,1.97
329-6144,no,13.7,3,3.7
329-5400,no,6.9,3,1.86
329-5377,no,11,5,2.97
329-5114,no,9.4,2,2.54
329-4474,no,7.8,2,2.11
329-4391,no,11.6,3,3.13
329-3458,no,12.7,8,3.43
329-3222,no,7.6,3,2.05
329-2918,no,10.9,7,2.94
329-2789,no,13,3,3.51
329-2786,yes,12.9,1,3.48
329-2388,no,9.5,4,2.57
329-2204,no,10.6,1,2.86
329-2045,no,10,7,2.7
329-1955,no,10,6,2.7
329-1410,no,7.8,2,2.11
328-9869,no,10.9,2,2.94
328-9797,no,14.7,4,3.97
328-9315,no,10.6,6,2.86
328-9267,no,8.6,6,2.32
328-9006,no,11.8,3,3.19
328-8980,no,8.9,4,2.4
328-8808,no,10,5,2.7
328-8747,no,10.2,2,2.75
328-8230,no,14.1,6,3.81
328-8179,no,12.6,6,3.4
328-8147,no,10.2,7,2.75
328-7833,no,4.7,4,1.27
328-7252,no,11.3,4,3.05
328-7209,no,14.3,9,3.86
328-6770,no,10.9,3,2.94
328-6289,no,13.7,2,3.7
328-6011,no,2,2,0.54
328-5188,yes,10,3,2.7
328-5050,no,7.8,4,2.11
328-4231,no,12.8,3,3.46
328-3402,no,9.2,3,2.48
328-3266,no,8.7,5,2.35
328-2982,no,8.9,5,2.4
328-2647,no,8.7,3,2.35
328-2478,no,8.8,3,2.38
328-2236,no,6.5,5,1.76
328-2110,no,12.3,2,3.32
328-1768,yes,12.1,4,3.27
328-1522,no,12.2,4,3.29
328-1373,no,8.3,2,2.24
328-1222,no,8.2,7,2.21
328-1206,no,13.4,11,3.62
327-9957,no,9.5,4,2.57
327-9341,no,15.6,4,4.21
327-9289,no,11,4,2.97
327-8732,no,8,4,2.16
327-8495,no,10.9,2,2.94
327-6989,no,11.2,8,3.02
327-6764,no,11.1,8,3
327-6194,no,7.7,3,2.08
327-6179,no,10.9,2,2.94
327-6087,no,11.4,5,3.08
327-5817,no,12.8,7,3.46
327-5525,yes,11.3,3,3.05
327-4795,no,7.6,6,2.05
327-3954,no,8.7,3,2.35
327-3850,no,8.3,3,2.24
327-3587,no,10.9,5,2.94
327-3053,no,6.2,5,1.67
327-1319,no,12.7,4,3.43
327-1058,no,6.3,7,1.7
